statedistrict,member-info/namelist,member-info/bioguideID,member-info/lastname,member-info/firstname,member-info/middlename,member-info/sort-name,member-info/suffix,member-info/courtesy,member-info/prior-congress,member-info/official-name,member-info/formal-name,member-info/party,member-info/caucus,member-info/state/state-fullname,member-info/state/_postal-code,member-info/district,member-info/townname,member-info/office-building,member-info/office-room,member-info/office-zip,member-info/office-zip-suffix,member-info/phone,member-info/elected-date/_date,member-info/elected-date/__text,member-info/sworn-date/_date,committee-assignments/committee/0/_rank
AK00,"Young, Don",Y000033,Young,Don,,"YOUNG,DON",,Mr.,114,Don Young,Mr. Young of Alaska,R,R,Alaska,AK,At Large,Fort Yukon,RHOB,2314,20515,200,(202) 225-5765,20161108,"November  8, 2016",,
AL01,"Byrne, Bradley",B001289,Byrne,Bradley,,"BYRNE,BRADLEY",,Mr.,114,Bradley Byrne,Mr. Byrne,R,R,Alabama,AL,1st,Fairhope,CHOB,119,20515,101,(202) 225-4931,20161108,"November  8, 2016",,
AL02,"Roby, Martha",R000591,Roby,Martha,,"ROBY,MARTHA",,Mrs.,114,Martha Roby,Mrs. Roby,R,R,Alabama,AL,2nd,Montgomery,CHOB,442,20515,102,(202) 225-2901,20161108,"November  8, 2016",,
AL03,"Rogers, Mike",R000575,Rogers,Mike,,"ROGERS,MIKE",,Mr.,114,Mike Rogers,Mr. Rogers of Alabama,R,R,Alabama,AL,3rd,Anniston,RHOB,2184,20515,103,(202) 225-3261,20161108,"November  8, 2016",,
AL04,"Aderholt, Robert",A000055,Aderholt,Robert,B.,"ADERHOLT,ROBERT",,Mr.,114,Robert B. Aderholt,Mr. Aderholt,R,R,Alabama,AL,4th,Haleyville,CHOB,235,20515,104,(202) 225-4876,20161108,"November  8, 2016",,
AL05,"Brooks, Mo",B001274,Brooks,Mo,,"BROOKS,MO",,Mr.,114,Mo Brooks,Mr. Brooks of Alabama,R,R,Alabama,AL,5th,Huntsville,RHOB,2400,20515,105,(202) 225-4801,20161108,"November  8, 2016",,
AL06,"Palmer, Gary",P000609,Palmer,Gary,J.,"PALMER,GARY",,Mr.,114,Gary J. Palmer,Mr. Palmer,R,R,Alabama,AL,6th,Hoover,CHOB,330,20515,106,(202) 225-4921,20161108,"November  8, 2016",,
AL07,"Sewell, Terri",S001185,Sewell,Terri,A.,"SEWELL,TERRI",,Ms.,114,Terri A. Sewell,Ms. Sewell of Alabama,D,D,Alabama,AL,7th,Birmingham,RHOB,2201,20515,107,(202) 225-2665,20161108,"November  8, 2016",,
AR01,"Crawford, Eric",C001087,Crawford,Eric,"A. ""Rick""","CRAWFORD,ERIC",,Mr.,114,"Eric A. ""Rick"" Crawford",Mr. Crawford,R,R,Arkansas,AR,1st,Jonesboro,RHOB,2422,20515,401,(202) 225-4076,20161108,"November  8, 2016",,
AR02,"Hill, J.",H001072,Hill,J.,French,"HILL,J.",,Mr.,114,J. French Hill,Mr. Hill,R,R,Arkansas,AR,2nd,Little Rock,LHOB,1229,20515,402,(202) 225-2506,20161108,"November  8, 2016",,
AR03,"Womack, Steve",W000809,Womack,Steve,,"WOMACK,STEVE",,Mr.,114,Steve Womack,Mr. Womack,R,R,Arkansas,AR,3rd,Rogers,RHOB,2412,20515,403,(202) 225-4301,20161108,"November  8, 2016",,
AR04,"Westerman, Bruce",W000821,Westerman,Bruce,,"WESTERMAN,BRUCE",,Mr.,114,Bruce Westerman,Mr. Westerman,R,R,Arkansas,AR,4th,Hot Springs,CHOB,130,20515,404,(202) 225-3772,20161108,"November  8, 2016",,
AS00,"Radewagen, Aumua Amata",R000600,Radewagen,Aumua Amata,Coleman,"RADEWAGEN,AUMUAAMATA",,Mrs.,114,Aumua Amata Coleman Radewagen,Mrs. Radewagen,R,R,American Samoa,AS,Delegate,Pago Pago,LHOB,1339,20515,5200,(202) 225-8577,20161108,"November  8, 2016",,
AZ01,"O'Halleran, Tom",O000171,O'Halleran,Tom,,"OHALLERAN,TOM",,Mr.,0,Tom O'Halleran,Mr. O'Halleran,D,D,Arizona,AZ,1st,Sedona,CHOB,126,20515,301,(202) 225-3361,20161108,"November  8, 2016",,
AZ02,"McSally, Martha",M001197,McSally,Martha,,"MCSALLY,MARTHA",,Ms.,114,Martha McSally,Ms. McSally,R,R,Arizona,AZ,2nd,Tucson,CHOB,510,20515,302,(202) 225-2542,20161108,"November  8, 2016",,
AZ03,"Grijalva, Raúl",G000551,Grijalva,Raúl,M.,"GRIJALVA,RAUL",,Mr.,114,Raúl M. Grijalva,Mr. Grijalva,D,D,Arizona,AZ,3rd,Tucson,LHOB,1511,20515,303,(202) 225-2435,20161108,"November  8, 2016",,
AZ04,"Gosar, Paul",G000565,Gosar,Paul,A.,"GOSAR,PAUL",,Mr.,114,Paul A. Gosar,Mr. Gosar,R,R,Arizona,AZ,4th,Prescott,RHOB,2057,20515,304,(202) 225-2315,20161108,"November  8, 2016",,
AZ05,"Biggs, Andy",B001302,Biggs,Andy,,"BIGGS,ANDY",,Mr.,0,Andy Biggs,Mr. Biggs,R,R,Arizona,AZ,5th,Gilbert,LHOB,1626,20515,305,(202) 225-2635,20161108,"November  8, 2016",,
AZ06,"Schweikert, David",S001183,Schweikert,David,,"SCHWEIKERT,DAVID",,Mr.,114,David Schweikert,Mr. Schweikert,R,R,Arizona,AZ,6th,Fountain Hills,RHOB,2059,20515,306,(202) 225-2190,20161108,"November  8, 2016",,
AZ07,"Gallego, Ruben",G000574,Gallego,Ruben,,"GALLEGO,RUBEN",,Mr.,114,Ruben Gallego,Mr. Gallego,D,D,Arizona,AZ,7th,Phoenix,LHOB,1218,20515,307,(202) 225-4065,20161108,"November  8, 2016",,
AZ08,"Franks, Trent",F000448,Franks,Trent,,"FRANKS,TRENT",,Mr.,114,Trent Franks,Mr. Franks of Arizona,R,R,Arizona,AZ,8th,Peoria,RHOB,2435,20515,308,(202) 225-4576,20161108,"November  8, 2016",,
AZ09,"Sinema, Kyrsten",S001191,Sinema,Kyrsten,,"SINEMA,KYRSTEN",,Ms.,114,Kyrsten Sinema,Ms. Sinema,D,D,Arizona,AZ,9th,Phoenix,LHOB,1725,20515,309,(202) 225-9888,20161108,"November  8, 2016",,
CA01,"LaMalfa, Doug",L000578,LaMalfa,Doug,,"LAMALFA,DOUG",,Mr.,114,Doug LaMalfa,Mr. LaMalfa,R,R,California,CA,1st,Oroville,CHOB,322,20515,501,(202) 225-3076,20161108,"November  8, 2016",,
CA02,"Huffman, Jared",H001068,Huffman,Jared,,"HUFFMAN,JARED",,Mr.,114,Jared Huffman,Mr. Huffman,D,D,California,CA,2nd,San Rafael,LHOB,1406,20515,502,(202) 225-5161,20161108,"November  8, 2016",,
CA03,"Garamendi, John",G000559,Garamendi,John,,"GARAMENDI,JOHN",,Mr.,114,John Garamendi,Mr. Garamendi,D,D,California,CA,3rd,Walnut Grove,RHOB,2438,20515,503,(202) 225-1880,20161108,"November  8, 2016",,
CA04,"McClintock, Tom",M001177,McClintock,Tom,,"MCCLINTOCK,TOM",,Mr.,114,Tom McClintock,Mr. McClintock,R,R,California,CA,4th,Roseville,RHOB,2312,20515,504,(202) 225-2511,20161108,"November  8, 2016",,
CA05,"Thompson, Mike",T000460,Thompson,Mike,,"THOMPSON,MIKE",,Mr.,114,Mike Thompson,Mr. Thompson of California,D,D,California,CA,5th,St. Helena,CHOB,231,20515,505,(202) 225-3311,20161108,"November  8, 2016",,
CA06,"Matsui, Doris",M001163,Matsui,Doris,O.,"MATSUI,DORIS",,Ms.,114,Doris O. Matsui,Ms. Matsui,D,D,California,CA,6th,Sacramento,RHOB,2311,20515,506,(202) 225-7163,20161108,"November  8, 2016",,
CA07,"Bera, Ami",B001287,Bera,Ami,,"BERA,AMI",,Mr.,114,Ami Bera,Mr. Bera,D,D,California,CA,7th,Elk Grove,LHOB,1431,20515,507,(202) 225-5716,20161108,"November  8, 2016",,
CA08,"Cook, Paul",C001094,Cook,Paul,,"COOK,PAUL",,Mr.,114,Paul Cook,Mr. Cook,R,R,California,CA,8th,Yucca Valley,LHOB,1222,20515,508,(202) 225-5861,20161108,"November  8, 2016",,
CA09,"McNerney, Jerry",M001166,McNerney,Jerry,,"MCNERNEY,JERRY",,Mr.,114,Jerry McNerney,Mr. McNerney,D,D,California,CA,9th,Stockton,RHOB,2265,20515,509,(202) 225-1947,20161108,"November  8, 2016",,
CA10,"Denham, Jeff",D000612,Denham,Jeff,,"DENHAM,JEFF",,Mr.,114,Jeff Denham,Mr. Denham,R,R,California,CA,10th,Turlock,LHOB,1730,20515,510,(202) 225-4540,20161108,"November  8, 2016",,
CA11,"DeSaulnier, Mark",D000623,DeSaulnier,Mark,,"DESAULNIER,MARK",,Mr.,114,Mark DeSaulnier,Mr. DeSaulnier,D,D,California,CA,11th,Concord,CHOB,115,20515,511,(202) 225-2095,20161108,"November  8, 2016",,
CA12,"Pelosi, Nancy",P000197,Pelosi,Nancy,,"PELOSI,NANCY",,Ms.,114,Nancy Pelosi,Ms. Pelosi,D,D,California,CA,12th,San Francisco,CHOB,233,20515,512,(202) 225-4965,20161108,"November  8, 2016",,
CA13,"Lee, Barbara",L000551,Lee,Barbara,,"LEE,BARBARA",,Ms.,114,Barbara Lee,Ms. Lee,D,D,California,CA,13th,Oakland,RHOB,2267,20515,513,(202) 225-2661,20161108,"November  8, 2016",,
CA14,"Speier, Jackie",S001175,Speier,Jackie,,"SPEIER,JACKIE",,Ms.,114,Jackie Speier,Ms. Speier,D,D,California,CA,14th,Hillsborough,RHOB,2465,20515,514,(202) 225-3531,20161108,"November  8, 2016",,
CA15,"Swalwell, Eric",S001193,Swalwell,Eric,,"SWALWELL,ERIC",,Mr.,114,Eric Swalwell,Mr. Swalwell of California,D,D,California,CA,15th,Pleasanton,CHOB,129,20515,515,(202) 225-5065,20161108,"November  8, 2016",,
CA16,"Costa, Jim",C001059,Costa,Jim,,"COSTA,JIM",,Mr.,114,Jim Costa,Mr. Costa,D,D,California,CA,16th,Fresno,RHOB,2081,20515,516,(202) 225-3341,20161108,"November  8, 2016",,
CA17,"Khanna, Ro",K000389,Khanna,Ro,,"KHANNA,RO",,Mr.,0,Ro Khanna,Mr. Khanna,D,D,California,CA,17th,Fremont,CHOB,513,20515,517,(202) 225-2631,20161108,"November  8, 2016",,
CA18,"Eshoo, Anna",E000215,Eshoo,Anna,G.,"ESHOO,ANNA",,Ms.,114,Anna G. Eshoo,Ms. Eshoo,D,D,California,CA,18th,Atherton,CHOB,241,20515,518,(202) 225-8104,20161108,"November  8, 2016",,
CA19,"Lofgren, Zoe",L000397,Lofgren,Zoe,,"LOFGREN,ZOE",,Ms.,114,Zoe Lofgren,Ms. Lofgren,D,D,California,CA,19th,San José,LHOB,1401,20515,519,(202) 225-3072,20161108,"November  8, 2016",,
CA20,"Panetta, Jimmy",P000613,Panetta,Jimmy,,"PANETTA,JIMMY",,Mr.,0,Jimmy Panetta,Mr. Panetta,D,D,California,CA,20th,Carmel Valley,CHOB,228,20515,520,(202) 225-2861,20161108,"November  8, 2016",,
CA21,"Valadao, David",V000129,Valadao,David,G.,"VALADAO,DAVID",,Mr.,114,David G. Valadao,Mr. Valadao,R,R,California,CA,21st,Hanford,LHOB,1728,20515,521,(202) 225-4695,20161108,"November  8, 2016",,
CA22,"Nunes, Devin",N000181,Nunes,Devin,,"NUNES,DEVIN",,Mr.,114,Devin Nunes,Mr. Nunes,R,R,California,CA,22nd,Tulare,LHOB,1013,20515,522,(202) 225-2523,20161108,"November  8, 2016",,
CA23,"McCarthy, Kevin",M001165,McCarthy,Kevin,,"MCCARTHY,KEVIN",,Mr.,114,Kevin McCarthy,Mr. McCarthy,R,R,California,CA,23rd,Bakersfield,RHOB,2421,20515,523,(202) 225-2915,20161108,"November  8, 2016",,
CA24,"Carbajal, Salud",C001112,Carbajal,Salud,O.,"CARBAJAL,SALUD",,Mr.,0,Salud O. Carbajal,Mr. Carbajal,D,D,California,CA,24th,Santa Barbara,CHOB,212,20515,524,(202) 225-3601,20161108,"November  8, 2016",,
CA25,"Knight, Stephen",K000387,Knight,Stephen,,"KNIGHT,STEPHEN",,Mr.,114,Stephen Knight,Mr. Knight,R,R,California,CA,25th,Palmdale,LHOB,1023,20515,525,(202) 225-1956,20161108,"November  8, 2016",,
CA26,"Brownley, Julia",B001285,Brownley,Julia,,"BROWNLEY,JULIA",,Ms.,114,Julia Brownley,Ms. Brownley of California,D,D,California,CA,26th,Westlake Village,LHOB,1019,20515,526,(202) 225-5811,20161108,"November  8, 2016",,
CA27,"Chu, Judy",C001080,Chu,Judy,,"CHU,JUDY",,Ms.,114,Judy Chu,Ms. Judy Chu of California,D,D,California,CA,27th,Monterey Park,RHOB,2423,20515,527,(202) 225-5464,20161108,"November  8, 2016",,
CA28,"Schiff, Adam",S001150,Schiff,Adam,B.,"SCHIFF,ADAM",,Mr.,114,Adam B. Schiff,Mr. Schiff,D,D,California,CA,28th,Burbank,RHOB,2372,20515,528,(202) 225-4176,20161108,"November  8, 2016",,
CA29,"Cárdenas, Tony",C001097,Cárdenas,Tony,,"CARDENAS,TONY",,Mr.,114,Tony Cárdenas,Mr. Cárdenas,D,D,California,CA,29th,Pacoima,LHOB,1510,20515,529,(202) 225-6131,20161108,"November  8, 2016",,
CA30,"Sherman, Brad",S000344,Sherman,Brad,,"SHERMAN,BRAD",,Mr.,114,Brad Sherman,Mr. Sherman,D,D,California,CA,30th,Sherman Oaks,RHOB,2181,20515,530,(202) 225-5911,20161108,"November  8, 2016",,
CA31,"Aguilar, Pete",A000371,Aguilar,Pete,,"AGUILAR,PETE",,Mr.,114,Pete Aguilar,Mr. Aguilar,D,D,California,CA,31st,Redlands,LHOB,1223,20515,531,(202) 225-3201,20161108,"November  8, 2016",,
CA32,"Napolitano, Grace",N000179,Napolitano,Grace,F.,"NAPOLITANO,GRACE",,Mrs.,114,Grace F. Napolitano,Mrs. Napolitano,D,D,California,CA,32nd,Norwalk,LHOB,1610,20515,532,(202) 225-5256,20161108,"November  8, 2016",,
CA33,"Lieu, Ted",L000582,Lieu,Ted,,"LIEU,TED",,Mr.,114,Ted Lieu,Mr. Ted Lieu of California,D,D,California,CA,33rd,Torrance,CHOB,236,20515,533,(202) 225-3976,20161108,"November  8, 2016",,
CA34,"Becerra, Xavier",B000287,Becerra,Xavier,,"BECERRA,XAVIER",,Mr.,114,Xavier Becerra,Mr. Becerra,D,D,California,CA,34th,Los Angeles,LHOB,1226,20515,534,(202) 225-6235,20161108,"November  8, 2016",,
CA35,"Torres, Norma",T000474,Torres,Norma,J.,"TORRES,NORMA",,Mrs.,114,Norma J. Torres,Mrs. Torres,D,D,California,CA,35th,Pomona,LHOB,1713,20515,535,(202) 225-6161,20161108,"November  8, 2016",,
CA36,"Ruiz, Raul",R000599,Ruiz,Raul,,"RUIZ,RAUL",,Mr.,114,Raul Ruiz,Mr. Ruiz,D,D,California,CA,36th,Coachella,LHOB,1319,20515,536,(202) 225-5330,20161108,"November  8, 2016",,
CA37,"Bass, Karen",B001270,Bass,Karen,,"BASS,KAREN",,Ms.,114,Karen Bass,Ms. Bass,D,D,California,CA,37th,Los Angeles,RHOB,2241,20515,537,(202) 225-7084,20161108,"November  8, 2016",,
CA38,"Sánchez, Linda",S001156,Sánchez,Linda,T.,"SANCHEZ,LINDA",,Ms.,114,Linda T. Sánchez,Ms. Sánchez,D,D,California,CA,38th,Whittier,RHOB,2329,20515,538,(202) 225-6676,20161108,"November  8, 2016",,
CA39,"Royce, Edward",R000487,Royce,Edward,R.,"ROYCE,EDWARD",,Mr.,114,Edward R. Royce,Mr. Royce of California,R,R,California,CA,39th,Fullerton,RHOB,2310,20515,539,(202) 225-4111,20161108,"November  8, 2016",,
CA40,"Roybal-Allard, Lucille",R000486,Roybal-Allard,Lucille,,"ROYBALALLARD,LUCILLE",,Ms.,114,Lucille Roybal-Allard,Ms. Roybal-Allard,D,D,California,CA,40th,Los Angeles,RHOB,2083,20515,540,(202) 225-1766,20161108,"November  8, 2016",,
CA41,"Takano, Mark",T000472,Takano,Mark,,"TAKANO,MARK",,Mr.,114,Mark Takano,Mr. Takano,D,D,California,CA,41st,Riverside,LHOB,1507,20515,541,(202) 225-2305,20161108,"November  8, 2016",,
CA42,"Calvert, Ken",C000059,Calvert,Ken,,"CALVERT,KEN",,Mr.,114,Ken Calvert,Mr. Calvert,R,R,California,CA,42nd,Corona,RHOB,2205,20515,542,(202) 225-1986,20161108,"November  8, 2016",,
CA43,"Waters, Maxine",W000187,Waters,Maxine,,"WATERS,MAXINE",,Ms.,114,Maxine Waters,Ms. Maxine Waters of California,D,D,California,CA,43rd,Los Angeles,RHOB,2221,20515,543,(202) 225-2201,20161108,"November  8, 2016",,
CA44,"Barragán, Nanette",B001300,Barragán,Nanette,Diaz,"BARRAGAN,NANETTE",,Ms.,0,Nanette Diaz Barragán,Ms. Barragán,D,D,California,CA,44th,San Pedro,LHOB,1320,20515,544,(202) 225-8220,20161108,"November  8, 2016",,
CA45,"Walters, Mimi",W000820,Walters,Mimi,,"WALTERS,MIMI",,Mrs.,114,Mimi Walters,Mrs. Mimi Walters of California,R,R,California,CA,45th,Irvine,CHOB,215,20515,545,(202) 225-5611,20161108,"November  8, 2016",,
CA46,"Correa, J.",C001110,Correa,J.,Luis,"CORREA,J.",,Mr.,0,J. Luis Correa,Mr. Correa,D,D,California,CA,46th,Santa Ana,LHOB,1039,20515,546,(202) 225-2965,20161108,"November  8, 2016",,
CA47,"Lowenthal, Alan",L000579,Lowenthal,Alan,S.,"LOWENTHAL,ALAN",,Mr.,114,Alan S. Lowenthal,Mr. Lowenthal,D,D,California,CA,47th,Long Beach,CHOB,125,20515,547,(202) 225-7924,20161108,"November  8, 2016",,
CA48,"Rohrabacher, Dana",R000409,Rohrabacher,Dana,,"ROHRABACHER,DANA",,Mr.,114,Dana Rohrabacher,Mr. Rohrabacher,R,R,California,CA,48th,Costa Mesa,RHOB,2300,20515,548,(202) 225-2415,20161108,"November  8, 2016",,
CA49,"Issa, Darrell",I000056,Issa,Darrell,E.,"ISSA,DARRELL",,Mr.,114,Darrell E. Issa,Mr. Issa,R,R,California,CA,49th,Vista,RHOB,2269,20515,549,(202) 225-3906,20161108,"November  8, 2016",,
CA50,"Hunter, Duncan",H001048,Hunter,Duncan,,"HUNTER,DUNCAN",,Mr.,114,Duncan Hunter,Mr. Hunter,R,R,California,CA,50th,Alpine,RHOB,2429,20515,550,(202) 225-5672,20161108,"November  8, 2016",,
CA51,"Vargas, Juan",V000130,Vargas,Juan,,"VARGAS,JUAN",,Mr.,114,Juan Vargas,Mr. Vargas,D,D,California,CA,51st,San Diego,LHOB,1605,20515,551,(202) 225-8045,20161108,"November  8, 2016",,
CA52,"Peters, Scott",P000608,Peters,Scott,H.,"PETERS,SCOTT",,Mr.,114,Scott H. Peters,Mr. Peters,D,D,California,CA,52nd,San Diego,LHOB,1122,20515,552,(202) 225-0508,20161108,"November  8, 2016",,
CA53,"Davis, Susan",D000598,Davis,Susan,A.,"DAVIS,SUSAN",,Mrs.,114,Susan A. Davis,Mrs. Davis of California,D,D,California,CA,53rd,San Diego,LHOB,1214,20515,553,(202) 225-2040,20161108,"November  8, 2016",,
CO01,"DeGette, Diana",D000197,DeGette,Diana,,"DEGETTE,DIANA",,Ms.,114,Diana DeGette,Ms. DeGette,D,D,Colorado,CO,1st,Denver,RHOB,2111,20515,601,(202) 225-4431,20161108,"November  8, 2016",,
CO02,"Polis, Jared",P000598,Polis,Jared,,"POLIS,JARED",,Mr.,114,Jared Polis,Mr. Polis,D,D,Colorado,CO,2nd,Boulder,LHOB,1727,20515,602,(202) 225-2161,20161108,"November  8, 2016",,
CO03,"Tipton, Scott",T000470,Tipton,Scott,R.,"TIPTON,SCOTT",,Mr.,114,Scott R. Tipton,Mr. Tipton,R,R,Colorado,CO,3rd,Cortez,CHOB,218,20515,603,(202) 225-4761,20161108,"November  8, 2016",,
CO04,"Buck, Ken",B001297,Buck,Ken,,"BUCK,KEN",,Mr.,114,Ken Buck,Mr. Buck,R,R,Colorado,CO,4th,Windsor,LHOB,1130,20515,604,(202) 225-4676,20161108,"November  8, 2016",,
CO05,"Lamborn, Doug",L000564,Lamborn,Doug,,"LAMBORN,DOUG",,Mr.,114,Doug Lamborn,Mr. Lamborn,R,R,Colorado,CO,5th,Colorado Springs,RHOB,2402,20515,605,(202) 225-4422,20161108,"November  8, 2016",,
CO06,"Coffman, Mike",C001077,Coffman,Mike,,"COFFMAN,MIKE",,Mr.,114,Mike Coffman,Mr. Coffman,R,R,Colorado,CO,6th,Aurora,RHOB,2443,20515,606,(202) 225-7882,20161108,"November  8, 2016",,
CO07,"Perlmutter, Ed",P000593,Perlmutter,Ed,,"PERLMUTTER,ED",,Mr.,114,Ed Perlmutter,Mr. Perlmutter,D,D,Colorado,CO,7th,Golden,LHOB,1410,20515,607,(202) 225-2645,20161108,"November  8, 2016",,
CT01,"Larson, John",L000557,Larson,John,B.,"LARSON,JOHN",,Mr.,114,John B. Larson,Mr. Larson of Connecticut,D,D,Connecticut,CT,1st,East Hartford,LHOB,1501,20515,701,(202) 225-2265,20161108,"November  8, 2016",,
CT02,"Courtney, Joe",C001069,Courtney,Joe,,"COURTNEY,JOE",,Mr.,114,Joe Courtney,Mr. Courtney,D,D,Connecticut,CT,2nd,Vernon,RHOB,2348,20515,702,(202) 225-2076,20161108,"November  8, 2016",,
CT03,"DeLauro, Rosa",D000216,DeLauro,Rosa,L.,"DELAURO,ROSA",,Ms.,114,Rosa L. DeLauro,Ms. DeLauro,D,D,Connecticut,CT,3rd,New Haven,RHOB,2413,20515,703,(202) 225-3661,20161108,"November  8, 2016",,
CT04,"Himes, James",H001047,Himes,James,A.,"HIMES,JAMES",,Mr.,114,James A. Himes,Mr. Himes,D,D,Connecticut,CT,4th,Cos Cob,LHOB,1227,20515,704,(202) 225-5541,20161108,"November  8, 2016",,
CT05,"Esty, Elizabeth",E000293,Esty,Elizabeth,H.,"ESTY,ELIZABETH",,Ms.,114,Elizabeth H. Esty,Ms. Esty,D,D,Connecticut,CT,5th,Cheshire,CHOB,221,20515,705,(202) 225-4476,20161108,"November  8, 2016",,
DC00,"Norton, Eleanor",N000147,Norton,Eleanor,Holmes,"NORTON,ELEANOR",,Ms.,114,Eleanor Holmes Norton,Ms. Norton,D,D,District of Columbia,DC,Delegate,District of Columbia,RHOB,2136,20515,5101,(202) 225-8050,20161108,"November  8, 2016",,
DE00,"Blunt Rochester, Lisa",B001303,Blunt Rochester,Lisa,,"BLUNTROCHESTER,LISA",,Ms.,0,Lisa Blunt Rochester,Ms. Blunt Rochester,D,D,Delaware,DE,At Large,Wilmington,LHOB,1123,20515,800,(202) 225-4165,20161108,"November  8, 2016",,
FL01,"Gaetz, Matt",G000578,Gaetz,Matt,,"GAETZ,MATT",,Mr.,0,Matt Gaetz,Mr. Gaetz,R,R,Florida,FL,1st,Fort Walton Beach,CHOB,507,20515,901,(202) 225-4136,20161108,"November  8, 2016",,
FL02,"Dunn, Neal",D000628,Dunn,Neal,P.,"DUNN,NEAL",,Mr.,0,Neal P. Dunn,Mr. Dunn,R,R,Florida,FL,2nd,Panama City,CHOB,423,20515,902,(202) 225-5235,20161108,"November  8, 2016",,
FL03,"Yoho, Ted",Y000065,Yoho,Ted,S.,"YOHO,TED",,Mr.,114,Ted S. Yoho,Mr. Yoho,R,R,Florida,FL,3rd,Gainesville,CHOB,511,20515,903,(202) 225-5744,20161108,"November  8, 2016",,
FL04,"Rutherford, John",R000609,Rutherford,John,H.,"RUTHERFORD,JOHN",,Mr.,0,John H. Rutherford,Mr. Rutherford,R,R,Florida,FL,4th,Jacksonville,CHOB,230,20515,904,(202) 225-2501,20161108,"November  8, 2016",,
FL05,"Lawson, Al",L000586,Lawson,Al,,"LAWSON,AL",Jr.,Mr.,0,"Al Lawson, Jr.",Mr. Lawson of Florida,D,D,Florida,FL,5th,Tallahassee,LHOB,1337,20515,905,(202) 225-0123,20161108,"November  8, 2016",,
FL06,"DeSantis, Ron",D000621,DeSantis,Ron,,"DESANTIS,RON",,Mr.,114,Ron DeSantis,Mr. DeSantis,R,R,Florida,FL,6th,Palm Coast,LHOB,1524,20515,906,(202) 225-2706,20161108,"November  8, 2016",,
FL07,"Murphy, Stephanie",M001202,Murphy,Stephanie,N.,"MURPHY,STEPHANIE",,Mrs.,0,Stephanie N. Murphy,Mrs. Murphy of Florida,D,D,Florida,FL,7th,Winter Park,LHOB,1237,20515,907,(202) 225-4035,20161108,"November  8, 2016",,
FL08,"Posey, Bill",P000599,Posey,Bill,,"POSEY,BILL",,Mr.,114,Bill Posey,Mr. Posey,R,R,Florida,FL,8th,Rockledge,RHOB,2150,20515,908,(202) 225-3671,20161108,"November  8, 2016",,
FL09,"Soto, Darren",S001200,Soto,Darren,,"SOTO,DARREN",,Mr.,0,Darren Soto,Mr. Soto,D,D,Florida,FL,9th,Kissimmee,LHOB,1429,20515,909,(202) 225-9889,20161108,"November  8, 2016",,
FL10,"Demings, Val",D000627,Demings,Val,Butler,"DEMINGS,VAL",,Mrs.,0,Val Butler Demings,Mrs. Demings,D,D,Florida,FL,10th,Orlando,CHOB,238,20515,910,(202) 225-2176,20161108,"November  8, 2016",,
FL11,"Webster, Daniel",W000806,Webster,Daniel,,"WEBSTER,DANIEL",,Mr.,114,Daniel Webster,Mr. Webster of Florida,R,R,Florida,FL,11th,Clermont,LHOB,1210,20515,911,(202) 225-1002,20161108,"November  8, 2016",,
FL12,"Bilirakis, Gus",B001257,Bilirakis,Gus,M.,"BILIRAKIS,GUS",,Mr.,114,Gus M. Bilirakis,Mr. Bilirakis,R,R,Florida,FL,12th,Palm Harbor,RHOB,2112,20515,912,(202) 225-5755,20161108,"November  8, 2016",,
FL13,"Crist, Charlie",C001111,Crist,Charlie,,"CRIST,CHARLIE",,Mr.,0,Charlie Crist,Mr. Crist,D,D,Florida,FL,13th,St. Petersburg,CHOB,427,20515,913,(202) 225-5961,20161108,"November  8, 2016",,
FL14,"Castor, Kathy",C001066,Castor,Kathy,,"CASTOR,KATHY",,Ms.,114,Kathy Castor,Ms. Castor of Florida,D,D,Florida,FL,14th,Tampa,RHOB,2052,20515,914,(202) 225-3376,20161108,"November  8, 2016",,
FL15,"Ross, Dennis",R000593,Ross,Dennis,A.,"ROSS,DENNIS",,Mr.,114,Dennis A. Ross,Mr. Ross,R,R,Florida,FL,15th,Lakeland,CHOB,436,20515,915,(202) 225-1252,20161108,"November  8, 2016",,
FL16,"Buchanan, Vern",B001260,Buchanan,Vern,,"BUCHANAN,VERN",,Mr.,114,Vern Buchanan,Mr. Buchanan,R,R,Florida,FL,16th,Sarasota,RHOB,2104,20515,916,(202) 225-5015,20161108,"November  8, 2016",,
FL17,"Rooney, Thomas",R000583,Rooney,Thomas,J.,"ROONEY,THOMAS",,Mr.,114,Thomas J. Rooney,Mr. Thomas J. Rooney of Florida,R,R,Florida,FL,17th,Okeechobee,RHOB,2160,20515,917,(202) 225-5792,20161108,"November  8, 2016",,
FL18,"Mast, Brian",M001199,Mast,Brian,J.,"MAST,BRIAN",,Mr.,0,Brian J. Mast,Mr. Mast,R,R,Florida,FL,18th,Palm City,RHOB,2182,20515,918,(202) 225-3026,20161108,"November  8, 2016",,
FL19,"Rooney, Francis",R000607,Rooney,Francis,,"ROONEY,FRANCIS",,Mr.,0,Francis Rooney,Mr. Francis Rooney of Florida,R,R,Florida,FL,19th,Naples,CHOB,120,20515,919,(202) 225-2536,20161108,"November  8, 2016",,
FL20,"Hastings, Alcee",H000324,Hastings,Alcee,L.,"HASTINGS,ALCEE",,Mr.,114,Alcee L. Hastings,Mr. Hastings,D,D,Florida,FL,20th,Delray Beach,RHOB,2353,20515,920,(202) 225-1313,20161108,"November  8, 2016",,
FL21,"Frankel, Lois",F000462,Frankel,Lois,,"FRANKEL,LOIS",,Ms.,114,Lois Frankel,Ms. Frankel of Florida,D,D,Florida,FL,21st,West Palm Beach,LHOB,1037,20515,921,(202) 225-3001,20161108,"November  8, 2016",,
FL22,"Deutch, Theodore",D000610,Deutch,Theodore,E.,"DEUTCH,THEODORE",,Mr.,114,Theodore E. Deutch,Mr. Deutch,D,D,Florida,FL,22nd,Boca Raton,RHOB,2447,20515,922,(202) 225-9890,20161108,"November  8, 2016",,
FL23,"Wasserman Schultz, Debbie",W000797,Wasserman Schultz,Debbie,,"WASSERMANSCHULTZ,DEBBIE",,Ms.,114,Debbie Wasserman Schultz,Ms. Wasserman Schultz,D,D,Florida,FL,23rd,Weston,LHOB,1114,20515,923,(202) 225-7931,20161108,"November  8, 2016",,
FL24,"Wilson, Frederica",W000808,Wilson,Frederica,S.,"WILSON,FREDERICA",,Ms.,114,Frederica S. Wilson,Ms. Wilson of Florida,D,D,Florida,FL,24th,Miami Gardens,RHOB,2445,20515,924,(202) 225-4506,20161108,"November  8, 2016",,
FL25,"Diaz-Balart, Mario",D000600,Diaz-Balart,Mario,,"DIAZBALART,MARIO",,Mr.,114,Mario Diaz-Balart,Mr. Diaz-Balart,R,R,Florida,FL,25th,Miami,CHOB,440,20515,925,(202) 225-4211,20161108,"November  8, 2016",,
FL26,"Curbelo, Carlos",C001107,Curbelo,Carlos,,"CURBELO,CARLOS",,Mr.,114,Carlos Curbelo,Mr. Curbelo of Florida,R,R,Florida,FL,26th,Miami,LHOB,1404,20515,926,(202) 225-2778,20161108,"November  8, 2016",,
FL27,"Ros-Lehtinen, Ileana",R000435,Ros-Lehtinen,Ileana,,"ROSLEHTINEN,ILEANA",,Ms.,114,Ileana Ros-Lehtinen,Ms. Ros-Lehtinen,R,R,Florida,FL,27th,Miami,RHOB,2206,20515,927,(202) 225-3931,20161108,"November  8, 2016",,
GA01,"Carter, Earl",C001103,Carter,Earl,"L. ""Buddy""","CARTER,EARL",,Mr.,114,"Earl L. ""Buddy"" Carter",Mr. Carter of Georgia,R,R,Georgia,GA,1st,Pooler,CHOB,432,20515,1001,(202) 225-5831,20161108,"November  8, 2016",,
GA02,"Bishop, Sanford",B000490,Bishop,Sanford,D.,"BISHOP,SANFORD",Jr.,Mr.,114,"Sanford D. Bishop, Jr.",Mr. Bishop of Georgia,D,D,Georgia,GA,2nd,Albany,RHOB,2407,20515,1002,(202) 225-3631,20161108,"November  8, 2016",,
GA03,"Ferguson, A.",F000465,Ferguson,A.,Drew,"FERGUSON,A.",IV,Mr.,0,A. Drew Ferguson IV,Mr. Ferguson,R,R,Georgia,GA,3rd,West Point,LHOB,1032,20515,1003,(202) 225-5901,20161108,"November  8, 2016",,
GA04,"Johnson, Henry",J000288,Johnson,Henry,"C. ""Hank""","JOHNSON,HENRY",Jr.,Mr.,114,"Henry C. ""Hank"" Johnson, Jr.",Mr. Johnson of Georgia,D,D,Georgia,GA,4th,Lithonia,RHOB,2240,20515,1004,(202) 225-1605,20161108,"November  8, 2016",,
GA05,"Lewis, John",L000287,Lewis,John,,"LEWIS,JOHN",,Mr.,114,John Lewis,Mr. Lewis of Georgia,D,D,Georgia,GA,5th,Atlanta,CHOB,343,20515,1005,(202) 225-3801,20161108,"November  8, 2016",,
GA06,"Price, Tom",P000591,Price,Tom,,"PRICE,TOM",,Mr.,114,Tom Price,Mr. Tom Price of Georgia,R,R,Georgia,GA,6th,Roswell,LHOB,1211,20515,1006,(202) 225-4501,20161108,"November  8, 2016",,
GA07,"Woodall, Rob",W000810,Woodall,Rob,,"WOODALL,ROB",,Mr.,114,Rob Woodall,Mr. Woodall,R,R,Georgia,GA,7th,Lawrenceville,LHOB,1724,20515,1007,(202) 225-4272,20161108,"November  8, 2016",,
GA08,"Scott, Austin",S001189,Scott,Austin,,"SCOTT,AUSTIN",,Mr.,114,Austin Scott,Mr. Austin Scott of Georgia,R,R,Georgia,GA,8th,Tifton,RHOB,2417,20515,1008,(202) 225-6531,20161108,"November  8, 2016",,
GA09,"Collins, Doug",C001093,Collins,Doug,,"COLLINS,DOUG",,Mr.,114,Doug Collins,Mr. Collins of Georgia,R,R,Georgia,GA,9th,Gainesville,LHOB,1504,20515,1009,(202) 225-9893,20161108,"November  8, 2016",,
GA10,"Hice, Jody",H001071,Hice,Jody,B.,"HICE,JODY",,Mr.,114,Jody B. Hice,Mr. Jody B. Hice of Georgia,R,R,Georgia,GA,10th,Monroe,CHOB,324,20515,1010,(202) 225-4101,20161108,"November  8, 2016",,
GA11,"Loudermilk, Barry",L000583,Loudermilk,Barry,,"LOUDERMILK,BARRY",,Mr.,114,Barry Loudermilk,Mr. Loudermilk,R,R,Georgia,GA,11th,Cassville,CHOB,329,20515,1011,(202) 225-2931,20161108,"November  8, 2016",,
GA12,"Allen, Rick",A000372,Allen,Rick,W.,"ALLEN,RICK",,Mr.,114,Rick W. Allen,Mr. Allen,R,R,Georgia,GA,12th,Augusta,CHOB,426,20515,1012,(202) 225-2823,20161108,"November  8, 2016",,
GA13,"Scott, David",S001157,Scott,David,,"SCOTT,DAVID",,Mr.,114,David Scott,Mr. David Scott of Georgia,D,D,Georgia,GA,13th,Atlanta,CHOB,225,20515,1013,(202) 225-2939,20161108,"November  8, 2016",,
GA14,"Graves, Tom",G000560,Graves,Tom,,"GRAVES,TOM",,Mr.,114,Tom Graves,Mr. Graves of Georgia,R,R,Georgia,GA,14th,Ranger,RHOB,2078,20515,1014,(202) 225-5211,20161108,"November  8, 2016",,
GU00,"Bordallo, Madeleine",B001245,Bordallo,Madeleine,Z.,"BORDALLO,MADELEINE",,Ms.,114,Madeleine Z. Bordallo,Ms. Bordallo,D,D,Guam,GU,Delegate,Hagatna,RHOB,2441,20515,5301,(202) 225-1188,20161108,"November  8, 2016",,
HI01,"Hanabusa, Colleen",H001050,Hanabusa,Colleen,,"HANABUSA,COLLEEN",,Ms.,114,Colleen Hanabusa,Ms. Hanabusa,D,D,Hawaii,HI,1st,Honolulu,CHOB,422,20515,1101,(202) 225-2726,20161108,"November  8, 2016",,
HI02,"Gabbard, Tulsi",G000571,Gabbard,Tulsi,,"GABBARD,TULSI",,Ms.,114,Tulsi Gabbard,Ms. Gabbard,D,D,Hawaii,HI,2nd,Kailua,LHOB,1433,20515,1102,(202) 225-4906,20161108,"November  8, 2016",,
IA01,"Blum, Rod",B001294,Blum,Rod,,"BLUM,ROD",,Mr.,114,Rod Blum,Mr. Blum,R,R,Iowa,IA,1st,Dubuque,LHOB,1108,20515,1501,(202) 225-2911,20161108,"November  8, 2016",,
IA02,"Loebsack, David",L000565,Loebsack,David,,"LOEBSACK,DAVID",,Mr.,114,David Loebsack,Mr. Loebsack,D,D,Iowa,IA,2nd,Iowa City,LHOB,1527,20515,1502,(202) 225-6576,20161108,"November  8, 2016",,
IA03,"Young, David",Y000066,Young,David,,"YOUNG,DAVID",,Mr.,114,David Young,Mr. Young of Iowa,R,R,Iowa,IA,3rd,Van Meter,CHOB,240,20515,1503,(202) 225-5476,20161108,"November  8, 2016",,
IA04,"King, Steve",K000362,King,Steve,,"KING,STEVE",,Mr.,114,Steve King,Mr. King of Iowa,R,R,Iowa,IA,4th,Kiron,RHOB,2210,20515,1504,(202) 225-4426,20161108,"November  8, 2016",,
ID01,"Labrador, Raúl",L000573,Labrador,Raúl,R.,"LABRADOR,RAUL",,Mr.,114,Raúl R. Labrador,Mr. Labrador,R,R,Idaho,ID,1st,Eagle,LHOB,1523,20515,1201,(202) 225-6611,20161108,"November  8, 2016",,
ID02,"Simpson, Michael",S001148,Simpson,Michael,K.,"SIMPSON,MICHAEL",,Mr.,114,Michael K. Simpson,Mr. Simpson,R,R,Idaho,ID,2nd,Idaho Falls,RHOB,2084,20515,1202,(202) 225-5531,20161108,"November  8, 2016",,
IL01,"Rush, Bobby",R000515,Rush,Bobby,L.,"RUSH,BOBBY",,Mr.,114,Bobby L. Rush,Mr. Rush,D,D,Illinois,IL,1st,Chicago,RHOB,2188,20515,1301,(202) 225-4372,20161108,"November  8, 2016",,
IL02,"Kelly, Robin",K000385,Kelly,Robin,L.,"KELLY,ROBIN",,Ms.,114,Robin L. Kelly,Ms. Kelly of Illinois,D,D,Illinois,IL,2nd,Matteson,LHOB,1239,20515,1302,(202) 225-0773,20161108,"November  8, 2016",,
IL03,"Lipinski, Daniel",L000563,Lipinski,Daniel,,"LIPINSKI,DANIEL",,Mr.,114,Daniel Lipinski,Mr. Lipinski,D,D,Illinois,IL,3rd,Western Springs,RHOB,2346,20515,1303,(202) 225-5701,20161108,"November  8, 2016",,
IL04,"Gutiérrez, Luis",G000535,Gutiérrez,Luis,V.,"GUTIERREZ,LUIS",,Mr.,114,Luis V. Gutiérrez,Mr. Gutiérrez,D,D,Illinois,IL,4th,Chicago,RHOB,2408,20515,1304,(202) 225-8203,20161108,"November  8, 2016",,
IL05,"Quigley, Mike",Q000023,Quigley,Mike,,"QUIGLEY,MIKE",,Mr.,114,Mike Quigley,Mr. Quigley,D,D,Illinois,IL,5th,Chicago,RHOB,2458,20515,1305,(202) 225-4061,20161108,"November  8, 2016",,
IL06,"Roskam, Peter",R000580,Roskam,Peter,J.,"ROSKAM,PETER",,Mr.,114,Peter J. Roskam,Mr. Roskam,R,R,Illinois,IL,6th,Wheaton,RHOB,2246,20515,1306,(202) 225-4561,20161108,"November  8, 2016",,
IL07,"Davis, Danny",D000096,Davis,Danny,K.,"DAVIS,DANNY",,Mr.,114,Danny K. Davis,Mr. Danny K. Davis of Illinois,D,D,Illinois,IL,7th,Chicago,RHOB,2159,20515,1307,(202) 225-5006,20161108,"November  8, 2016",,
IL08,"Krishnamoorthi, Raja",K000391,Krishnamoorthi,Raja,,"KRISHNAMOORTHI,RAJA",,Mr.,0,Raja Krishnamoorthi,Mr. Krishnamoorthi,D,D,Illinois,IL,8th,Schaumburg,CHOB,515,20515,1308,(202) 225-3711,20161108,"November  8, 2016",,
IL09,"Schakowsky, Janice",S001145,Schakowsky,Janice,D.,"SCHAKOWSKY,JANICE",,Ms.,114,Janice D. Schakowsky,Ms. Schakowsky,D,D,Illinois,IL,9th,Evanston,RHOB,2367,20515,1309,(202) 225-2111,20161108,"November  8, 2016",,
IL10,"Schneider, Bradley",S001190,Schneider,Bradley,Scott,"SCHNEIDER,BRADLEY",,Mr.,113,Bradley Scott Schneider,Mr. Schneider,D,D,Illinois,IL,10th,Deerfield,LHOB,1432,20515,1310,(202) 225-4835,20161108,"November  8, 2016",,
IL11,"Foster, Bill",F000454,Foster,Bill,,"FOSTER,BILL",,Mr.,114,Bill Foster,Mr. Foster,D,D,Illinois,IL,11th,Naperville,LHOB,1224,20515,1311,(202) 225-3515,20161108,"November  8, 2016",,
IL12,"Bost, Mike",B001295,Bost,Mike,,"BOST,MIKE",,Mr.,114,Mike Bost,Mr. Bost,R,R,Illinois,IL,12th,Murphysboro,LHOB,1440,20515,1312,(202) 225-5661,20161108,"November  8, 2016",,
IL13,"Davis, Rodney",D000619,Davis,Rodney,,"DAVIS,RODNEY",,Mr.,114,Rodney Davis,Mr. Rodney Davis of Illinois,R,R,Illinois,IL,13th,Taylorville,LHOB,1740,20515,1313,(202) 225-2371,20161108,"November  8, 2016",,
IL14,"Hultgren, Randy",H001059,Hultgren,Randy,,"HULTGREN,RANDY",,Mr.,114,Randy Hultgren,Mr. Hultgren,R,R,Illinois,IL,14th,Plano,RHOB,2455,20515,1314,(202) 225-2976,20161108,"November  8, 2016",,
IL15,"Shimkus, John",S000364,Shimkus,John,,"SHIMKUS,JOHN",,Mr.,114,John Shimkus,Mr. Shimkus,R,R,Illinois,IL,15th,Collinsville,RHOB,2217,20515,1315,(202) 225-5271,20161108,"November  8, 2016",,
IL16,"Kinzinger, Adam",K000378,Kinzinger,Adam,,"KINZINGER,ADAM",,Mr.,114,Adam Kinzinger,Mr. Kinzinger,R,R,Illinois,IL,16th,Channahon,RHOB,2245,20515,1316,(202) 225-3635,20161108,"November  8, 2016",,
IL17,"Bustos, Cheri",B001286,Bustos,Cheri,,"BUSTOS,CHERI",,Mrs.,114,Cheri Bustos,Mrs. Bustos,D,D,Illinois,IL,17th,Moline,LHOB,1009,20515,1317,(202) 225-5905,20161108,"November  8, 2016",,
IL18,"LaHood, Darin",L000585,LaHood,Darin,,"LAHOOD,DARIN",,Mr.,114,Darin LaHood,Mr. LaHood,R,R,Illinois,IL,18th,Peoria,LHOB,1424,20515,1318,(202) 225-6201,20161108,"November  8, 2016",,
IN01,"Visclosky, Peter",V000108,Visclosky,Peter,J.,"VISCLOSKY,PETER",,Mr.,114,Peter J. Visclosky,Mr. Visclosky,D,D,Indiana,IN,1st,Merrillville,RHOB,2328,20515,1401,(202) 225-2461,20161108,"November  8, 2016",,
IN02,"Walorski, Jackie",W000813,Walorski,Jackie,,"WALORSKI,JACKIE",,Mrs.,114,Jackie Walorski,Mrs. Walorski,R,R,Indiana,IN,2nd,Elkhart,CHOB,419,20515,1402,(202) 225-3915,20161108,"November  8, 2016",,
IN03,"Banks, Jim",B001299,Banks,Jim,,"BANKS,JIM",,Mr.,0,Jim Banks,Mr. Banks of Indiana,R,R,Indiana,IN,3rd,Columbia City,CHOB,509,20515,1403,(202) 225-4436,20161108,"November  8, 2016",,
IN04,"Rokita, Todd",R000592,Rokita,Todd,,"ROKITA,TODD",,Mr.,114,Todd Rokita,Mr. Rokita,R,R,Indiana,IN,4th,Brownsburg,RHOB,2439,20515,1404,(202) 225-5037,20161108,"November  8, 2016",,
IN05,"Brooks, Susan",B001284,Brooks,Susan,W.,"BROOKS,SUSAN",,Mrs.,114,Susan W. Brooks,Mrs. Brooks of Indiana,R,R,Indiana,IN,5th,Carmel,LHOB,1030,20515,1405,(202) 225-2276,20161108,"November  8, 2016",,
IN06,"Messer, Luke",M001189,Messer,Luke,,"MESSER,LUKE",,Mr.,114,Luke Messer,Mr. Messer,R,R,Indiana,IN,6th,Greensburg,LHOB,1230,20515,1406,(202) 225-3021,20161108,"November  8, 2016",,
IN07,"Carson, André",C001072,Carson,André,,"CARSON,ANDRE",,Mr.,114,André Carson,Mr. Carson of Indiana,D,D,Indiana,IN,7th,Indianapolis,RHOB,2135,20515,1407,(202) 225-4011,20161108,"November  8, 2016",,
IN08,"Bucshon, Larry",B001275,Bucshon,Larry,,"BUCSHON,LARRY",,Mr.,114,Larry Bucshon,Mr. Bucshon,R,R,Indiana,IN,8th,Newburgh,LHOB,1005,20515,1408,(202) 225-4636,20161108,"November  8, 2016",,
IN09,"Hollingsworth, Trey",H001074,Hollingsworth,Trey,,"HOLLINGSWORTH,TREY",,Mr.,0,Trey Hollingsworth,Mr. Hollingsworth,R,R,Indiana,IN,9th,Jeffersonville,LHOB,1641,20515,1409,(202) 225-5315,20161108,"November  8, 2016",,
KS01,"Marshall, Roger",M001198,Marshall,Roger,W.,"MARSHALL,ROGER",,Mr.,0,Roger W. Marshall,Mr. Marshall,R,R,Kansas,KS,1st,Great Bend,CHOB,312,20515,1601,(202) 225-2715,20161108,"November  8, 2016",,
KS02,"Jenkins, Lynn",J000290,Jenkins,Lynn,,"JENKINS,LYNN",,Ms.,114,Lynn Jenkins,Ms. Jenkins of Kansas,R,R,Kansas,KS,2nd,Topeka,LHOB,1526,20515,1602,(202) 225-6601,20161108,"November  8, 2016",,
KS03,"Yoder, Kevin",Y000063,Yoder,Kevin,,"YODER,KEVIN",,Mr.,114,Kevin Yoder,Mr. Yoder,R,R,Kansas,KS,3rd,Overland Park,RHOB,2433,20515,1603,(202) 225-2865,20161108,"November  8, 2016",,
KS04,"Pompeo, Mike",P000602,Pompeo,Mike,,"POMPEO,MIKE",,Mr.,114,Mike Pompeo,Mr. Pompeo,R,R,Kansas,KS,4th,Wichita,RHOB,2452,20515,1604,(202) 225-6216,20161108,"November  8, 2016",,
KY01,"Comer, James",C001108,Comer,James,,"COMER,JAMES",,Mr.,114,James Comer,Mr. Comer,R,R,Kentucky,KY,1st,Tompkinsville,LHOB,1513,20515,1701,(202) 225-3115,20161108,"November  8, 2016",,
KY02,"Guthrie, Brett",G000558,Guthrie,Brett,,"GUTHRIE,BRETT",,Mr.,114,Brett Guthrie,Mr. Guthrie,R,R,Kentucky,KY,2nd,Bowling Green,RHOB,2434,20515,1702,(202) 225-3501,20161108,"November  8, 2016",,
KY03,"Yarmuth, John",Y000062,Yarmuth,John,A.,"YARMUTH,JOHN",,Mr.,114,John A. Yarmuth,Mr. Yarmuth,D,D,Kentucky,KY,3rd,Louisville,CHOB,131,20515,1703,(202) 225-5401,20161108,"November  8, 2016",,
KY04,"Massie, Thomas",M001184,Massie,Thomas,,"MASSIE,THOMAS",,Mr.,114,Thomas Massie,Mr. Massie,R,R,Kentucky,KY,4th,Garrison,RHOB,2453,20515,1704,(202) 225-3465,20161108,"November  8, 2016",,
KY05,"Rogers, Harold",R000395,Rogers,Harold,,"ROGERS,HAROLD",,Mr.,114,Harold Rogers,Mr. Rogers of Kentucky,R,R,Kentucky,KY,5th,Somerset,RHOB,2406,20515,1705,(202) 225-4601,20161108,"November  8, 2016",,
KY06,"Barr, Andy",B001282,Barr,Andy,,"BARR,ANDY",,Mr.,114,Andy Barr,Mr. Barr,R,R,Kentucky,KY,6th,Lexington,LHOB,1427,20515,1706,(202) 225-4706,20161108,"November  8, 2016",,
LA01,"Scalise, Steve",S001176,Scalise,Steve,,"SCALISE,STEVE",,Mr.,114,Steve Scalise,Mr. Scalise,R,R,Louisiana,LA,1st,Jefferson,RHOB,2338,20515,1801,(202) 225-3015,20161108,"November  8, 2016",,
LA02,"Richmond, Cedric",R000588,Richmond,Cedric,L.,"RICHMOND,CEDRIC",,Mr.,114,Cedric L. Richmond,Mr. Richmond,D,D,Louisiana,LA,2nd,New Orleans,CHOB,420,20515,1802,(202) 225-6636,20161108,"November  8, 2016",,
LA03,"Higgins, Clay",H001077,Higgins,Clay,,"HIGGINS,CLAY",,Mr.,0,Clay Higgins,Mr. Higgins of Louisiana,R,R,Louisiana,LA,3rd,Lafayette,LHOB,1711,20515,1803,(202) 225-2031,20161210,"December 10, 2016",,
LA04,"Johnson, Mike",J000299,Johnson,Mike,,"JOHNSON,MIKE",,Mr.,0,Mike Johnson,Mr. Johnson of Louisiana,R,R,Louisiana,LA,4th,Benton,CHOB,327,20515,1804,(202) 225-2777,20161210,"December 10, 2016",,
LA05,"Abraham, Ralph",A000374,Abraham,Ralph,Lee,"ABRAHAM,RALPH",,Mr.,114,Ralph Lee Abraham,Mr. Abraham,R,R,Louisiana,LA,5th,Alto,CHOB,417,20515,1805,(202) 225-8490,20161108,"November  8, 2016",,
LA06,"Graves, Garret",G000577,Graves,Garret,,"GRAVES,GARRET",,Mr.,114,Garret Graves,Mr. Graves of Louisiana,R,R,Louisiana,LA,6th,Baton Rouge,CHOB,430,20515,1806,(202) 225-3901,20161108,"November  8, 2016",,
MA01,"Neal, Richard",N000015,Neal,Richard,E.,"NEAL,RICHARD",,Mr.,114,Richard E. Neal,Mr. Neal,D,D,Massachusetts,MA,1st,Springfield,CHOB,341,20515,2101,(202) 225-5601,20161108,"November  8, 2016",,
MA02,"McGovern, James",M000312,McGovern,James,P.,"MCGOVERN,JAMES",,Mr.,114,James P. McGovern,Mr. McGovern,D,D,Massachusetts,MA,2nd,Worcester,CHOB,438,20515,2102,(202) 225-6101,20161108,"November  8, 2016",,
MA03,"Tsongas, Niki",T000465,Tsongas,Niki,,"TSONGAS,NIKI",,Ms.,114,Niki Tsongas,Ms. Tsongas,D,D,Massachusetts,MA,3rd,Lowell,LHOB,1714,20515,2103,(202) 225-3411,20161108,"November  8, 2016",,
MA04,"Kennedy, Joseph",K000379,Kennedy,Joseph,P.,"KENNEDY,JOSEPH",III,Mr.,114,Joseph P. Kennedy III,Mr. Kennedy,D,D,Massachusetts,MA,4th,Newton,CHOB,434,20515,2104,(202) 225-5931,20161108,"November  8, 2016",,
MA05,"Clark, Katherine",C001101,Clark,Katherine,M.,"CLARK,KATHERINE",,Ms.,114,Katherine M. Clark,Ms. Clark of Massachusetts,D,D,Massachusetts,MA,5th,Melrose,LHOB,1415,20515,2105,(202) 225-2836,20161108,"November  8, 2016",,
MA06,"Moulton, Seth",M001196,Moulton,Seth,,"MOULTON,SETH",,Mr.,114,Seth Moulton,Mr. Moulton,D,D,Massachusetts,MA,6th,Salem,LHOB,1408,20515,2106,(202) 225-8020,20161108,"November  8, 2016",,
MA07,"Capuano, Michael",C001037,Capuano,Michael,E.,"CAPUANO,MICHAEL",,Mr.,114,Michael E. Capuano,Mr. Capuano,D,D,Massachusetts,MA,7th,Somerville,LHOB,1414,20515,2107,(202) 225-5111,20161108,"November  8, 2016",,
MA08,"Lynch, Stephen",L000562,Lynch,Stephen,F.,"LYNCH,STEPHEN",,Mr.,114,Stephen F. Lynch,Mr. Lynch,D,D,Massachusetts,MA,8th,South Boston,RHOB,2268,20515,2108,(202) 225-8273,20161108,"November  8, 2016",,
MA09,"Keating, William",K000375,Keating,William,R.,"KEATING,WILLIAM",,Mr.,114,William R. Keating,Mr. Keating,D,D,Massachusetts,MA,9th,Bourne,RHOB,2351,20515,2109,(202) 225-3111,20161108,"November  8, 2016",,
MD01,"Harris, Andy",H001052,Harris,Andy,,"HARRIS,ANDY",,Mr.,114,Andy Harris,Mr. Harris,R,R,Maryland,MD,1st,Cockeysville,LHOB,1533,20515,2001,(202) 225-5311,20161108,"November  8, 2016",,
MD02,"Ruppersberger, C.",R000576,Ruppersberger,C.,A. Dutch,"RUPPERSBERGER,C.",,Mr.,114,C. A. Dutch Ruppersberger,Mr. Ruppersberger,D,D,Maryland,MD,2nd,Cockeysville,RHOB,2416,20515,2002,(202) 225-3061,20161108,"November  8, 2016",,
MD03,"Sarbanes, John",S001168,Sarbanes,John,P.,"SARBANES,JOHN",,Mr.,114,John P. Sarbanes,Mr. Sarbanes,D,D,Maryland,MD,3rd,Baltimore,RHOB,2444,20515,2003,(202) 225-4016,20161108,"November  8, 2016",,
MD04,"Brown, Anthony",B001304,Brown,Anthony,G.,"BROWN,ANTHONY",,Mr.,0,Anthony G. Brown,Mr. Brown of Maryland,D,D,Maryland,MD,4th,Mitchellville,LHOB,1505,20515,2004,(202) 225-8699,20161108,"November  8, 2016",,
MD05,"Hoyer, Steny",H000874,Hoyer,Steny,H.,"HOYER,STENY",,Mr.,114,Steny H. Hoyer,Mr. Hoyer,D,D,Maryland,MD,5th,Mechanicsville,LHOB,1705,20515,2005,(202) 225-4131,20161108,"November  8, 2016",,
MD06,"Delaney, John",D000620,Delaney,John,K.,"DELANEY,JOHN",,Mr.,114,John K. Delaney,Mr. Delaney,D,D,Maryland,MD,6th,Potomac,LHOB,1632,20515,2006,(202) 225-2721,20161108,"November  8, 2016",,
MD07,"Cummings, Elijah",C000984,Cummings,Elijah,E.,"CUMMINGS,ELIJAH",,Mr.,114,Elijah E. Cummings,Mr. Cummings,D,D,Maryland,MD,7th,Baltimore,RHOB,2163,20515,2007,(202) 225-4741,20161108,"November  8, 2016",,
MD08,"Raskin, Jamie",R000606,Raskin,Jamie,,"RASKIN,JAMIE",,Mr.,0,Jamie Raskin,Mr. Raskin,D,D,Maryland,MD,8th,Takoma Park,CHOB,431,20515,2008,(202) 225-5341,20161108,"November  8, 2016",,
ME01,"Pingree, Chellie",P000597,Pingree,Chellie,,"PINGREE,CHELLIE",,Ms.,114,Chellie Pingree,Ms. Pingree,D,D,Maine,ME,1st,North Haven,RHOB,2162,20515,1901,(202) 225-6116,20161108,"November  8, 2016",,
ME02,"Poliquin, Bruce",P000611,Poliquin,Bruce,,"POLIQUIN,BRUCE",,Mr.,114,Bruce Poliquin,Mr. Poliquin,R,R,Maine,ME,2nd,Oakland,LHOB,1208,20515,1902,(202) 225-6306,20161108,"November  8, 2016",,
MI01,"Bergman, Jack",B001301,Bergman,Jack,,"BERGMAN,JACK",,Mr.,0,Jack Bergman,Mr. Bergman,R,R,Michigan,MI,1st,Watersmeet,CHOB,414,20515,2201,(202) 225-4735,20161108,"November  8, 2016",,
MI02,"Huizenga, Bill",H001058,Huizenga,Bill,,"HUIZENGA,BILL",,Mr.,114,Bill Huizenga,Mr. Huizenga,R,R,Michigan,MI,2nd,Zeeland,RHOB,2232,20515,2202,(202) 225-4401,20161108,"November  8, 2016",,
MI03,"Amash, Justin",A000367,Amash,Justin,,"AMASH,JUSTIN",,Mr.,114,Justin Amash,Mr. Amash,R,R,Michigan,MI,3rd,Cascade Township,CHOB,114,20515,2203,(202) 225-3831,20161108,"November  8, 2016",,
MI04,"Moolenaar, John",M001194,Moolenaar,John,R.,"MOOLENAAR,JOHN",,Mr.,114,John R. Moolenaar,Mr. Moolenaar,R,R,Michigan,MI,4th,Midland,CHOB,117,20515,2204,(202) 225-3561,20161108,"November  8, 2016",,
MI05,"Kildee, Daniel",K000380,Kildee,Daniel,T.,"KILDEE,DANIEL",,Mr.,114,Daniel T. Kildee,Mr. Kildee,D,D,Michigan,MI,5th,Flushing,CHOB,227,20515,2205,(202) 225-3611,20161108,"November  8, 2016",,
MI06,"Upton, Fred",U000031,Upton,Fred,,"UPTON,FRED",,Mr.,114,Fred Upton,Mr. Upton,R,R,Michigan,MI,6th,St. Joseph,RHOB,2183,20515,2206,(202) 225-3761,20161108,"November  8, 2016",,
MI07,"Walberg, Tim",W000798,Walberg,Tim,,"WALBERG,TIM",,Mr.,114,Tim Walberg,Mr. Walberg,R,R,Michigan,MI,7th,Tipton,RHOB,2436,20515,2207,(202) 225-6276,20161108,"November  8, 2016",,
MI08,"Bishop, Mike",B001293,Bishop,Mike,,"BISHOP,MIKE",,Mr.,114,Mike Bishop,Mr. Bishop of Michigan,R,R,Michigan,MI,8th,Rochester,CHOB,428,20515,2208,(202) 225-4872,20161108,"November  8, 2016",,
MI09,"Levin, Sander",L000263,Levin,Sander,M.,"LEVIN,SANDER",,Mr.,114,Sander M. Levin,Mr. Levin,D,D,Michigan,MI,9th,Royal Oak,LHOB,1236,20515,2209,(202) 225-4961,20161108,"November  8, 2016",,
MI10,"Mitchell, Paul",M001201,Mitchell,Paul,,"MITCHELL,PAUL",,Mr.,0,Paul Mitchell,Mr. Mitchell,R,R,Michigan,MI,10th,Dryden,CHOB,211,20515,2210,(202) 225-2106,20161108,"November  8, 2016",,
MI11,"Trott, David",T000475,Trott,David,A.,"TROTT,DAVID",,Mr.,114,David A. Trott,Mr. Trott,R,R,Michigan,MI,11th,Birmingham,LHOB,1722,20515,2211,(202) 225-8171,20161108,"November  8, 2016",,
MI12,"Dingell, Debbie",D000624,Dingell,Debbie,,"DINGELL,DEBBIE",,Mrs.,114,Debbie Dingell,Mrs. Dingell,D,D,Michigan,MI,12th,Dearborn,CHOB,116,20515,2212,(202) 225-4071,20161108,"November  8, 2016",,
MI13,"Conyers, John",C000714,Conyers,John,,"CONYERS,JOHN",Jr.,Mr.,114,"John Conyers, Jr.",Mr. Conyers,D,D,Michigan,MI,13th,Detroit,RHOB,2426,20515,2213,(202) 225-5126,20161108,"November  8, 2016",,
MI14,"Lawrence, Brenda",L000581,Lawrence,Brenda,L.,"LAWRENCE,BRENDA",,Mrs.,114,Brenda L. Lawrence,Mrs. Lawrence,D,D,Michigan,MI,14th,Southfield,LHOB,1213,20515,2214,(202) 225-5802,20161108,"November  8, 2016",,
MN01,"Walz, Timothy",W000799,Walz,Timothy,J.,"WALZ,TIMOTHY",,Mr.,114,Timothy J. Walz,Mr. Walz,D,D,Minnesota,MN,1st,Mankato,RHOB,2313,20515,2301,(202) 225-2472,20161108,"November  8, 2016",,
MN02,"Lewis, Jason",L000587,Lewis,Jason,,"LEWIS,JASON",,Mr.,0,Jason Lewis,Mr. Lewis of Minnesota,R,R,Minnesota,MN,2nd,Woodbury,CHOB,418,20515,2302,(202) 225-2271,20161108,"November  8, 2016",,
MN03,"Paulsen, Erik",P000594,Paulsen,Erik,,"PAULSEN,ERIK",,Mr.,114,Erik Paulsen,Mr. Paulsen,R,R,Minnesota,MN,3rd,Eden Prairie,CHOB,127,20515,2303,(202) 225-2871,20161108,"November  8, 2016",,
MN04,"McCollum, Betty",M001143,McCollum,Betty,,"MCCOLLUM,BETTY",,Ms.,114,Betty McCollum,Ms. McCollum,D,D,Minnesota,MN,4th,St. Paul,RHOB,2256,20515,2304,(202) 225-6631,20161108,"November  8, 2016",,
MN05,"Ellison, Keith",E000288,Ellison,Keith,,"ELLISON,KEITH",,Mr.,114,Keith Ellison,Mr. Ellison,D,D,Minnesota,MN,5th,Minneapolis,RHOB,2263,20515,2305,(202) 225-4755,20161108,"November  8, 2016",,
MN06,"Emmer, Tom",E000294,Emmer,Tom,,"EMMER,TOM",,Mr.,114,Tom Emmer,Mr. Emmer,R,R,Minnesota,MN,6th,Delano,CHOB,315,20515,2306,(202) 225-2331,20161108,"November  8, 2016",,
MN07,"Peterson, Collin",P000258,Peterson,Collin,C.,"PETERSON,COLLIN",,Mr.,114,Collin C. Peterson,Mr. Peterson,D,D,Minnesota,MN,7th,Detroit Lakes,RHOB,2204,20515,2307,(202) 225-2165,20161108,"November  8, 2016",,
MN08,"Nolan, Richard",N000127,Nolan,Richard,M.,"NOLAN,RICHARD",,Mr.,114,Richard M. Nolan,Mr. Nolan,D,D,Minnesota,MN,8th,Crosby,RHOB,2366,20515,2308,(202) 225-6211,20161108,"November  8, 2016",,
MO01,"Clay, Wm.",C001049,Clay,Wm.,Lacy,"CLAY,WM.",,Mr.,114,Wm. Lacy Clay,Mr. Clay,D,D,Missouri,MO,1st,St. Louis,RHOB,2428,20515,2501,(202) 225-2406,20161108,"November  8, 2016",,
MO02,"Wagner, Ann",W000812,Wagner,Ann,,"WAGNER,ANN",,Mrs.,114,Ann Wagner,Mrs. Wagner,R,R,Missouri,MO,2nd,Ballwin,CHOB,435,20515,2502,(202) 225-1621,20161108,"November  8, 2016",,
MO03,"Luetkemeyer, Blaine",L000569,Luetkemeyer,Blaine,,"LUETKEMEYER,BLAINE",,Mr.,114,Blaine Luetkemeyer,Mr. Luetkemeyer,R,R,Missouri,MO,3rd,St. Elizabeth,RHOB,2230,20515,2503,(202) 225-2956,20161108,"November  8, 2016",,
MO04,"Hartzler, Vicky",H001053,Hartzler,Vicky,,"HARTZLER,VICKY",,Mrs.,114,Vicky Hartzler,Mrs. Hartzler,R,R,Missouri,MO,4th,Harrisonville,RHOB,2235,20515,2504,(202) 225-2876,20161108,"November  8, 2016",,
MO05,"Cleaver, Emanuel",C001061,Cleaver,Emanuel,,"CLEAVER,EMANUEL",,Mr.,114,Emanuel Cleaver,Mr. Cleaver,D,D,Missouri,MO,5th,Kansas City,RHOB,2335,20515,2505,(202) 225-4535,20161108,"November  8, 2016",,
MO06,"Graves, Sam",G000546,Graves,Sam,,"GRAVES,SAM",,Mr.,114,Sam Graves,Mr. Graves of Missouri,R,R,Missouri,MO,6th,Tarkio,LHOB,1135,20515,2506,(202) 225-7041,20161108,"November  8, 2016",,
MO07,"Long, Billy",L000576,Long,Billy,,"LONG,BILLY",,Mr.,114,Billy Long,Mr. Long,R,R,Missouri,MO,7th,Springfield,RHOB,2454,20515,2507,(202) 225-6536,20161108,"November  8, 2016",,
MO08,"Smith, Jason",S001195,Smith,Jason,,"SMITH,JASON",,Mr.,114,Jason Smith,Mr. Smith of Missouri,R,R,Missouri,MO,8th,Salem,LHOB,1118,20515,2508,(202) 225-4404,20161108,"November  8, 2016",,
MP00,"Sablan, Gregorio",S001177,Sablan,Gregorio,Kilili Camacho,"SABLAN,GREGORIO",,Mr.,114,Gregorio Kilili Camacho Sablan,Mr. Sablan,D,D,Northern Mariana Islands,MP,Delegate,Saipan,RHOB,2411,20515,5201,(202) 225-2646,20161108,"November  8, 2016",,
MS01,"Kelly, Trent",K000388,Kelly,Trent,,"KELLY,TRENT",,Mr.,114,Trent Kelly,Mr. Kelly of Mississippi,R,R,Mississippi,MS,1st,Saltillo,LHOB,1721,20515,2401,(202) 225-4306,20161108,"November  8, 2016",,
MS02,"Thompson, Bennie",T000193,Thompson,Bennie,G.,"THOMPSON,BENNIE",,Mr.,114,Bennie G. Thompson,Mr. Thompson of Mississippi,D,D,Mississippi,MS,2nd,Bolton,RHOB,2466,20515,2402,(202) 225-5876,20161108,"November  8, 2016",,
MS03,"Harper, Gregg",H001045,Harper,Gregg,,"HARPER,GREGG",,Mr.,114,Gregg Harper,Mr. Harper,R,R,Mississippi,MS,3rd,Pearl,RHOB,2227,20515,2403,(202) 225-5031,20161108,"November  8, 2016",,
MS04,"Palazzo, Steven",P000601,Palazzo,Steven,M.,"PALAZZO,STEVEN",,Mr.,114,Steven M. Palazzo,Mr. Palazzo,R,R,Mississippi,MS,4th,Biloxi,RHOB,2349,20515,2404,(202) 225-5772,20161108,"November  8, 2016",,
MT00,"Zinke, Ryan",Z000018,Zinke,Ryan,K.,"ZINKE,RYAN",,Mr.,114,Ryan K. Zinke,Mr. Zinke,R,R,Montana,MT,At Large,Whitefish,LHOB,1419,20515,2600,(202) 225-3211,20161108,"November  8, 2016",,
NC01,"Butterfield, G.",B001251,Butterfield,G.,K.,"BUTTERFIELD,G.",,Mr.,114,G. K. Butterfield,Mr. Butterfield,D,D,North Carolina,NC,1st,Wilson,RHOB,2080,20515,3301,(202) 225-3101,20161108,"November  8, 2016",,
NC02,"Holding, George",H001065,Holding,George,,"HOLDING,GEORGE",,Mr.,114,George Holding,Mr. Holding,R,R,North Carolina,NC,2nd,Raleigh,LHOB,1110,20515,3302,(202) 225-3032,20161108,"November  8, 2016",,
NC03,"Jones, Walter",J000255,Jones,Walter,B.,"JONES,WALTER",,Mr.,114,Walter B. Jones,Mr. Jones,R,R,North Carolina,NC,3rd,Farmville,RHOB,2333,20515,3303,(202) 225-3415,20161108,"November  8, 2016",,
NC04,"Price, David",P000523,Price,David,E.,"PRICE,DAVID",,Mr.,114,David E. Price,Mr. Price of North Carolina,D,D,North Carolina,NC,4th,Chapel Hill,RHOB,2108,20515,3304,(202) 225-1784,20161108,"November  8, 2016",,
NC05,"Foxx, Virginia",F000450,Foxx,Virginia,,"FOXX,VIRGINIA",,Ms.,114,Virginia Foxx,Ms. Foxx,R,R,North Carolina,NC,5th,Banner Elk,RHOB,2262,20515,3305,(202) 225-2071,20161108,"November  8, 2016",,
NC06,"Walker, Mark",W000819,Walker,Mark,,"WALKER,MARK",,Mr.,114,Mark Walker,Mr. Walker,R,R,North Carolina,NC,6th,Greensboro,LHOB,1305,20515,3306,(202) 225-3065,20161108,"November  8, 2016",,
NC07,"Rouzer, David",R000603,Rouzer,David,,"ROUZER,DAVID",,Mr.,114,David Rouzer,Mr. Rouzer,R,R,North Carolina,NC,7th,McGee's Crossroad,CHOB,424,20515,3307,(202) 225-2731,20161108,"November  8, 2016",,
NC08,"Hudson, Richard",H001067,Hudson,Richard,,"HUDSON,RICHARD",,Mr.,114,Richard Hudson,Mr. Hudson,R,R,North Carolina,NC,8th,Concord,CHOB,429,20515,3308,(202) 225-3715,20161108,"November  8, 2016",,
NC09,"Pittenger, Robert",P000606,Pittenger,Robert,,"PITTENGER,ROBERT",,Mr.,114,Robert Pittenger,Mr. Pittenger,R,R,North Carolina,NC,9th,Charlotte,CHOB,224,20515,3309,(202) 225-1976,20161108,"November  8, 2016",,
NC10,"McHenry, Patrick",M001156,McHenry,Patrick,T.,"MCHENRY,PATRICK",,Mr.,114,Patrick T. McHenry,Mr. McHenry,R,R,North Carolina,NC,10th,Lake Norman,RHOB,2334,20515,3310,(202) 225-2576,20161108,"November  8, 2016",,
NC11,"Meadows, Mark",M001187,Meadows,Mark,,"MEADOWS,MARK",,Mr.,114,Mark Meadows,Mr. Meadows,R,R,North Carolina,NC,11th,Skyland,LHOB,1024,20515,3311,(202) 225-6401,20161108,"November  8, 2016",,
NC12,"Adams, Alma",A000370,Adams,Alma,S.,"ADAMS,ALMA",,Ms.,114,Alma S. Adams,Ms. Adams,D,D,North Carolina,NC,12th,Charlotte,CHOB,222,20515,3312,(202) 225-1510,20161108,"November  8, 2016",,
NC13,"Budd, Ted",B001305,Budd,Ted,,"BUDD,TED",,Mr.,0,Ted Budd,Mr. Budd,R,R,North Carolina,NC,13th,Advance,CHOB,118,20515,3313,(202) 225-4531,20161108,"November  8, 2016",,
ND00,"Cramer, Kevin",C001096,Cramer,Kevin,,"CRAMER,KEVIN",,Mr.,114,Kevin Cramer,Mr. Cramer,R,R,North Dakota,ND,At Large,Bismarck,LHOB,1717,20515,3400,(202) 225-2611,20161108,"November  8, 2016",,
NE01,"Fortenberry, Jeff",F000449,Fortenberry,Jeff,,"FORTENBERRY,JEFF",,Mr.,114,Jeff Fortenberry,Mr. Fortenberry,R,R,Nebraska,NE,1st,Lincoln,LHOB,1514,20515,2701,(202) 225-4806,20161108,"November  8, 2016",,
NE02,"Bacon, Don",B001298,Bacon,Don,,"BACON,DON",,Mr.,0,Don Bacon,Mr. Bacon,R,R,Nebraska,NE,2nd,Papillion,LHOB,1516,20515,2702,(202) 225-4155,20161108,"November  8, 2016",,
NE03,"Smith, Adrian",S001172,Smith,Adrian,,"SMITH,ADRIAN",,Mr.,114,Adrian Smith,Mr. Smith of Nebraska,R,R,Nebraska,NE,3rd,Gering,CHOB,320,20515,2703,(202) 225-6435,20161108,"November  8, 2016",,
NH01,"Shea-Porter, Carol",S001170,Shea-Porter,Carol,,"SHEAPORTER,CAROL",,Ms.,113,Carol Shea-Porter,Ms. Shea-Porter,D,D,New Hampshire,NH,1st,Rochester,LHOB,1530,20515,2901,(202) 225-5456,20161108,"November  8, 2016",,
NH02,"Kuster, Ann",K000382,Kuster,Ann,M.,"KUSTER,ANN",,Ms.,114,Ann M. Kuster,Ms. Kuster of New Hampshire,D,D,New Hampshire,NH,2nd,Hopkinton,CHOB,137,20515,2902,(202) 225-5206,20161108,"November  8, 2016",,
NJ01,"Norcross, Donald",N000188,Norcross,Donald,,"NORCROSS,DONALD",,Mr.,114,Donald Norcross,Mr. Norcross,D,D,New Jersey,NJ,1st,Camden City,LHOB,1531,20515,3001,(202) 225-6501,20161108,"November  8, 2016",,
NJ02,"LoBiondo, Frank",L000554,LoBiondo,Frank,A.,"LOBIONDO,FRANK",,Mr.,114,Frank A. LoBiondo,Mr. LoBiondo,R,R,New Jersey,NJ,2nd,Ventnor,RHOB,2427,20515,3002,(202) 225-6572,20161108,"November  8, 2016",,
NJ03,"MacArthur, Thomas",M001193,MacArthur,Thomas,,"MACARTHUR,THOMAS",,Mr.,114,Thomas MacArthur,Mr. MacArthur,R,R,New Jersey,NJ,3rd,Toms River,CHOB,506,20515,3003,(202) 225-4765,20161108,"November  8, 2016",,
NJ04,"Smith, Christopher",S000522,Smith,Christopher,H.,"SMITH,CHRISTOPHER",,Mr.,114,Christopher H. Smith,Mr. Smith of New Jersey,R,R,New Jersey,NJ,4th,Hamilton,RHOB,2373,20515,3004,(202) 225-3765,20161108,"November  8, 2016",,
NJ05,"Gottheimer, Josh",G000583,Gottheimer,Josh,,"GOTTHEIMER,JOSH",,Mr.,0,Josh Gottheimer,Mr. Gottheimer,D,D,New Jersey,NJ,5th,Wyckoff,CHOB,213,20515,3005,(202) 225-4465,20161108,"November  8, 2016",,
NJ06,"Pallone, Frank",P000034,Pallone,Frank,,"PALLONE,FRANK",Jr.,Mr.,114,"Frank Pallone, Jr.",Mr. Pallone,D,D,New Jersey,NJ,6th,Long Branch,CHOB,237,20515,3006,(202) 225-4671,20161108,"November  8, 2016",,
NJ07,"Lance, Leonard",L000567,Lance,Leonard,,"LANCE,LEONARD",,Mr.,114,Leonard Lance,Mr. Lance,R,R,New Jersey,NJ,7th,Clinton Township,RHOB,2352,20515,3007,(202) 225-5361,20161108,"November  8, 2016",,
NJ08,"Sires, Albio",S001165,Sires,Albio,,"SIRES,ALBIO",,Mr.,114,Albio Sires,Mr. Sires,D,D,New Jersey,NJ,8th,West New York,RHOB,2342,20515,3008,(202) 225-7919,20161108,"November  8, 2016",,
NJ09,"Pascrell, Bill",P000096,Pascrell,Bill,,"PASCRELL,BILL",Jr.,Mr.,114,"Bill Pascrell, Jr.",Mr. Pascrell,D,D,New Jersey,NJ,9th,Paterson,RHOB,2370,20515,3009,(202) 225-5751,20161108,"November  8, 2016",,
NJ10,"Payne, Donald",P000604,Payne,Donald,M.,"PAYNE,DONALD",Jr.,Mr.,114,"Donald M. Payne, Jr.",Mr. Payne,D,D,New Jersey,NJ,10th,Newark,CHOB,132,20515,3010,(202) 225-3436,20161108,"November  8, 2016",,
NJ11,"Frelinghuysen, Rodney",F000372,Frelinghuysen,Rodney,P.,"FRELINGHUYSEN,RODNEY",,Mr.,114,Rodney P. Frelinghuysen,Mr. Frelinghuysen,R,R,New Jersey,NJ,11th,Morristown,RHOB,2306,20515,3011,(202) 225-5034,20161108,"November  8, 2016",,
NJ12,"Watson Coleman, Bonnie",W000822,Watson Coleman,Bonnie,,"WATSONCOLEMAN,BONNIE",,Mrs.,114,Bonnie Watson Coleman,Mrs. Watson Coleman,D,D,New Jersey,NJ,12th,Ewing Township,LHOB,1535,20515,3012,(202) 225-5801,20161108,"November  8, 2016",,
NM01,"Lujan Grisham, Michelle",L000580,Lujan Grisham,Michelle,,"LUJANGRISHAM,MICHELLE",,Ms.,114,Michelle Lujan Grisham,Ms. Michelle Lujan Grisham of New Mexico,D,D,New Mexico,NM,1st,Albuquerque,CHOB,214,20515,3101,(202) 225-6316,20161108,"November  8, 2016",,
NM02,"Pearce, Stevan",P000588,Pearce,Stevan,,"PEARCE,STEVAN",,Mr.,114,Stevan Pearce,Mr. Pearce,R,R,New Mexico,NM,2nd,Hobbs,RHOB,2432,20515,3102,(202) 225-2365,20161108,"November  8, 2016",,
NM03,"Luján, Ben",L000570,Luján,Ben,Ray,"LUJAN,BEN",,Mr.,114,Ben Ray Luján,Mr. Ben Ray Luján of New Mexico,D,D,New Mexico,NM,3rd,Nambé,RHOB,2231,20515,3103,(202) 225-6190,20161108,"November  8, 2016",,
NV01,"Titus, Dina",T000468,Titus,Dina,,"TITUS,DINA",,Ms.,114,Dina Titus,Ms. Titus,D,D,Nevada,NV,1st,Las Vegas,RHOB,2464,20515,2801,(202) 225-5965,20161108,"November  8, 2016",,
NV02,"Amodei, Mark",A000369,Amodei,Mark,E.,"AMODEI,MARK",,Mr.,114,Mark E. Amodei,Mr. Amodei,R,R,Nevada,NV,2nd,Carson City,CHOB,332,20515,2802,(202) 225-6155,20161108,"November  8, 2016",,
NV03,"Rosen, Jacky",R000608,Rosen,Jacky,,"ROSEN,JACKY",,Ms.,0,Jacky Rosen,Ms. Rosen,D,D,Nevada,NV,3rd,Henderson,CHOB,413,20515,2803,(202) 225-3252,20161108,"November  8, 2016",,
NV04,"Kihuen, Ruben",K000390,Kihuen,Ruben,,"KIHUEN,RUBEN",,Mr.,0,Ruben Kihuen,Mr. Kihuen,D,D,Nevada,NV,4th,Las Vegas,CHOB,313,20515,2804,(202) 225-9894,20161108,"November  8, 2016",,
NY01,"Zeldin, Lee",Z000017,Zeldin,Lee,M.,"ZELDIN,LEE",,Mr.,114,Lee M. Zeldin,Mr. Zeldin,R,R,New York,NY,1st,Shirley,LHOB,1517,20515,3201,(202) 225-3826,20161108,"November  8, 2016",,
NY02,"King, Peter",K000210,King,Peter,T.,"KING,PETER",,Mr.,114,Peter T. King,Mr. King of New York,R,R,New York,NY,2nd,Seaford,CHOB,339,20515,3202,(202) 225-7896,20161108,"November  8, 2016",,
NY03,"Suozzi, Thomas",S001201,Suozzi,Thomas,R.,"SUOZZI,THOMAS",,Mr.,0,Thomas R. Suozzi,Mr. Suozzi,D,D,New York,NY,3rd,Glen Cove,CHOB,226,20515,3203,(202) 225-3335,20161108,"November  8, 2016",,
NY04,"Rice, Kathleen",R000602,Rice,Kathleen,M.,"RICE,KATHLEEN",,Miss,114,Kathleen M. Rice,Miss Rice of New York,D,D,New York,NY,4th,Garden City,LHOB,1508,20515,3204,(202) 225-5516,20161108,"November  8, 2016",,
NY05,"Meeks, Gregory",M001137,Meeks,Gregory,W.,"MEEKS,GREGORY",,Mr.,114,Gregory W. Meeks,Mr. Meeks,D,D,New York,NY,5th,Queens,RHOB,2234,20515,3205,(202) 225-3461,20161108,"November  8, 2016",,
NY06,"Meng, Grace",M001188,Meng,Grace,,"MENG,GRACE",,Ms.,114,Grace Meng,Ms. Meng,D,D,New York,NY,6th,Queens,LHOB,1317,20515,3206,(202) 225-2601,20161108,"November  8, 2016",,
NY07,"Velázquez, Nydia",V000081,Velázquez,Nydia,M.,"VELAZQUEZ,NYDIA",,Ms.,114,Nydia M. Velázquez,Ms. Velázquez,D,D,New York,NY,7th,Brooklyn,RHOB,2302,20515,3207,(202) 225-2361,20161108,"November  8, 2016",,
NY08,"Jeffries, Hakeem",J000294,Jeffries,Hakeem,S.,"JEFFRIES,HAKEEM",,Mr.,114,Hakeem S. Jeffries,Mr. Jeffries,D,D,New York,NY,8th,Brooklyn,LHOB,1607,20515,3208,(202) 225-5936,20161108,"November  8, 2016",,
NY09,"Clarke, Yvette",C001067,Clarke,Yvette,D.,"CLARKE,YVETTE",,Ms.,114,Yvette D. Clarke,Ms. Clarke of New York,D,D,New York,NY,9th,Brooklyn,RHOB,2058,20515,3209,(202) 225-6231,20161108,"November  8, 2016",,
NY10,"Nadler, Jerrold",N000002,Nadler,Jerrold,,"NADLER,JERROLD",,Mr.,114,Jerrold Nadler,Mr. Nadler,D,D,New York,NY,10th,New York,RHOB,2109,20515,3210,(202) 225-5635,20161108,"November  8, 2016",,
NY11,"Donovan, Daniel",D000625,Donovan,Daniel,M.,"DONOVAN,DANIEL",Jr.,Mr.,114,"Daniel M. Donovan, Jr.",Mr. Donovan,R,R,New York,NY,11th,Staten Island,LHOB,1541,20515,3211,(202) 225-3371,20161108,"November  8, 2016",,
NY12,"Maloney, Carolyn",M000087,Maloney,Carolyn,B.,"MALONEY,CAROLYN",,Mrs.,114,Carolyn B. Maloney,Mrs. Carolyn B. Maloney of New York,D,D,New York,NY,12th,New York,RHOB,2308,20515,3212,(202) 225-7944,20161108,"November  8, 2016",,
NY13,"Espaillat, Adriano",E000297,Espaillat,Adriano,,"ESPAILLAT,ADRIANO",,Mr.,0,Adriano Espaillat,Mr. Espaillat,D,D,New York,NY,13th,New York,LHOB,1630,20515,3213,(202) 225-4365,20161108,"November  8, 2016",,
NY14,"Crowley, Joseph",C001038,Crowley,Joseph,,"CROWLEY,JOSEPH",,Mr.,114,Joseph Crowley,Mr. Crowley,D,D,New York,NY,14th,Queens/Bronx,LHOB,1035,20515,3214,(202) 225-3965,20161108,"November  8, 2016",,
NY15,"Serrano, José",S000248,Serrano,José,E.,"SERRANO,JOSE",,Mr.,114,José E. Serrano,Mr. Serrano,D,D,New York,NY,15th,Bronx,RHOB,2354,20515,3215,(202) 225-4361,20161108,"November  8, 2016",,
NY16,"Engel, Eliot",E000179,Engel,Eliot,L.,"ENGEL,ELIOT",,Mr.,114,Eliot L. Engel,Mr. Engel,D,D,New York,NY,16th,Bronx,RHOB,2462,20515,3216,(202) 225-2464,20161108,"November  8, 2016",,
NY17,"Lowey, Nita",L000480,Lowey,Nita,M.,"LOWEY,NITA",,Mrs.,114,Nita M. Lowey,Mrs. Lowey,D,D,New York,NY,17th,Harrison,RHOB,2365,20515,3217,(202) 225-6506,20161108,"November  8, 2016",,
NY18,"Maloney, Sean",M001185,Maloney,Sean,Patrick,"MALONEY,SEAN",,Mr.,114,Sean Patrick Maloney,Mr. Sean Patrick Maloney of New York,D,D,New York,NY,18th,Cold Spring,LHOB,1027,20515,3218,(202) 225-5441,20161108,"November  8, 2016",,
NY19,"Faso, John",F000464,Faso,John,J.,"FASO,JOHN",,Mr.,0,John J. Faso,Mr. Faso,R,R,New York,NY,19th,Kinderhook,LHOB,1616,20515,3219,(202) 225-5614,20161108,"November  8, 2016",,
NY20,"Tonko, Paul",T000469,Tonko,Paul,,"TONKO,PAUL",,Mr.,114,Paul Tonko,Mr. Tonko,D,D,New York,NY,20th,Amsterdam,RHOB,2463,20515,3220,(202) 225-5076,20161108,"November  8, 2016",,
NY21,"Stefanik, Elise",S001196,Stefanik,Elise,M.,"STEFANIK,ELISE",,Ms.,114,Elise M. Stefanik,Ms. Stefanik,R,R,New York,NY,21st,Willsboro,CHOB,318,20515,3221,(202) 225-4611,20161108,"November  8, 2016",,
NY22,"Tenney, Claudia",T000478,Tenney,Claudia,,"TENNEY,CLAUDIA",,Ms.,0,Claudia Tenney,Ms. Tenney,R,R,New York,NY,22nd,New Hartford,CHOB,512,20515,3222,(202) 225-3665,20161108,"November  8, 2016",,
NY23,"Reed, Tom",R000585,Reed,Tom,,"REED,TOM",,Mr.,114,Tom Reed,Mr. Reed,R,R,New York,NY,23rd,Corning,RHOB,2437,20515,3223,(202) 225-3161,20161108,"November  8, 2016",,
NY24,"Katko, John",K000386,Katko,John,,"KATKO,JOHN",,Mr.,114,John Katko,Mr. Katko,R,R,New York,NY,24th,Syracuse,LHOB,1620,20515,3224,(202) 225-3701,20161108,"November  8, 2016",,
NY25,"Slaughter, Louise",S000480,Slaughter,Louise,McIntosh,"SLAUGHTER,LOUISE",,Ms.,114,Louise McIntosh Slaughter,Ms. Slaughter,D,D,New York,NY,25th,Fairport,RHOB,2469,20515,3225,(202) 225-3615,20161108,"November  8, 2016",,
NY26,"Higgins, Brian",H001038,Higgins,Brian,,"HIGGINS,BRIAN",,Mr.,114,Brian Higgins,Mr. Higgins of New York,D,D,New York,NY,26th,Buffalo,RHOB,2459,20515,3226,(202) 225-3306,20161108,"November  8, 2016",,
NY27,"Collins, Chris",C001092,Collins,Chris,,"COLLINS,CHRIS",,Mr.,114,Chris Collins,Mr. Collins of New York,R,R,New York,NY,27th,Clarence,LHOB,1117,20515,3227,(202) 225-5265,20161108,"November  8, 2016",,
OH01,"Chabot, Steve",C000266,Chabot,Steve,,"CHABOT,STEVE",,Mr.,114,Steve Chabot,Mr. Chabot,R,R,Ohio,OH,1st,Cincinnati,RHOB,2371,20515,3501,(202) 225-2216,20161108,"November  8, 2016",,
OH02,"Wenstrup, Brad",W000815,Wenstrup,Brad,R.,"WENSTRUP,BRAD",,Mr.,114,Brad R. Wenstrup,Mr. Wenstrup,R,R,Ohio,OH,2nd,Cincinnati,LHOB,2419,20515,3502,(202) 225-3164,20161108,"November  8, 2016",,
OH03,"Beatty, Joyce",B001281,Beatty,Joyce,,"BEATTY,JOYCE",,Mrs.,114,Joyce Beatty,Mrs. Beatty,D,D,Ohio,OH,3rd,Columbus,CHOB,133,20515,3503,(202) 225-4324,20161108,"November  8, 2016",,
OH04,"Jordan, Jim",J000289,Jordan,Jim,,"JORDAN,JIM",,Mr.,114,Jim Jordan,Mr. Jordan,R,R,Ohio,OH,4th,Urbana,RHOB,2056,20515,3504,(202) 225-2676,20161108,"November  8, 2016",,
OH05,"Latta, Robert",L000566,Latta,Robert,E.,"LATTA,ROBERT",,Mr.,114,Robert E. Latta,Mr. Latta,R,R,Ohio,OH,5th,Bowling Green,RHOB,2448,20515,3505,(202) 225-6405,20161108,"November  8, 2016",,
OH06,"Johnson, Bill",J000292,Johnson,Bill,,"JOHNSON,BILL",,Mr.,114,Bill Johnson,Mr. Johnson of Ohio,R,R,Ohio,OH,6th,Marietta,LHOB,1710,20515,3506,(202) 225-5705,20161108,"November  8, 2016",,
OH07,"Gibbs, Bob",G000563,Gibbs,Bob,,"GIBBS,BOB",,Mr.,114,Bob Gibbs,Mr. Gibbs,R,R,Ohio,OH,7th,Lakeville,RHOB,2446,20515,3507,(202) 225-6265,20161108,"November  8, 2016",,
OH08,"Davidson, Warren",D000626,Davidson,Warren,,"DAVIDSON,WARREN",,Mr.,114,Warren Davidson,Mr. Davidson,R,R,Ohio,OH,8th,Troy,LHOB,1004,20515,3508,(202) 225-6205,20161108,"November  8, 2016",,
OH09,"Kaptur, Marcy",K000009,Kaptur,Marcy,,"KAPTUR,MARCY",,Ms.,114,Marcy Kaptur,Ms. Kaptur,D,D,Ohio,OH,9th,Toledo,RHOB,2186,20515,3509,(202) 225-4146,20161108,"November  8, 2016",,
OH10,"Turner, Michael",T000463,Turner,Michael,R.,"TURNER,MICHAEL",,Mr.,114,Michael R. Turner,Mr. Turner,R,R,Ohio,OH,10th,Dayton,RHOB,2368,20515,3510,(202) 225-6465,20161108,"November  8, 2016",,
OH11,"Fudge, Marcia",F000455,Fudge,Marcia,L.,"FUDGE,MARCIA",,Ms.,114,Marcia L. Fudge,Ms. Fudge,D,D,Ohio,OH,11th,Warrensville Heights,RHOB,2344,20515,3511,(202) 225-7032,20161108,"November  8, 2016",,
OH12,"Tiberi, Patrick",T000462,Tiberi,Patrick,J.,"TIBERI,PATRICK",,Mr.,114,Patrick J. Tiberi,Mr. Tiberi,R,R,Ohio,OH,12th,Galena,LHOB,1203,20515,3512,(202) 225-5355,20161108,"November  8, 2016",,
OH13,"Ryan, Tim",R000577,Ryan,Tim,,"RYAN,TIM",,Mr.,114,Tim Ryan,Mr. Ryan of Ohio,D,D,Ohio,OH,13th,Warren,LHOB,1126,20515,3513,(202) 225-5261,20161108,"November  8, 2016",,
OH14,"Joyce, David",J000295,Joyce,David,P.,"JOYCE,DAVID",,Mr.,114,David P. Joyce,Mr. Joyce of Ohio,R,R,Ohio,OH,14th,Russell Township,LHOB,1124,20515,3514,(202) 225-5731,20161108,"November  8, 2016",,
OH15,"Stivers, Steve",S001187,Stivers,Steve,,"STIVERS,STEVE",,Mr.,114,Steve Stivers,Mr. Stivers,R,R,Ohio,OH,15th,Columbus,LHOB,1022,20515,3515,(202) 225-2015,20161108,"November  8, 2016",,
OH16,"Renacci, James",R000586,Renacci,James,B.,"RENACCI,JAMES",,Mr.,114,James B. Renacci,Mr. Renacci,R,R,Ohio,OH,16th,Wadsworth,CHOB,328,20515,3516,(202) 225-3876,20161108,"November  8, 2016",,
OK01,"Bridenstine, Jim",B001283,Bridenstine,Jim,,"BRIDENSTINE,JIM",,Mr.,114,Jim Bridenstine,Mr. Bridenstine,R,R,Oklahoma,OK,1st,Tulsa,CHOB,216,20515,3601,(202) 225-2211,20161108,"November  8, 2016",,
OK02,"Mullin, Markwayne",M001190,Mullin,Markwayne,,"MULLIN,MARKWAYNE",,Mr.,114,Markwayne Mullin,Mr. Mullin,R,R,Oklahoma,OK,2nd,Westville,LHOB,1113,20515,3602,(202) 225-2701,20161108,"November  8, 2016",,
OK03,"Lucas, Frank",L000491,Lucas,Frank,D.,"LUCAS,FRANK",,Mr.,114,Frank D. Lucas,Mr. Lucas,R,R,Oklahoma,OK,3rd,Cheyenne,RHOB,2405,20515,3603,(202) 225-5565,20161108,"November  8, 2016",,
OK04,"Cole, Tom",C001053,Cole,Tom,,"COLE,TOM",,Mr.,114,Tom Cole,Mr. Cole,R,R,Oklahoma,OK,4th,Moore,RHOB,2467,20515,3604,(202) 225-6165,20161108,"November  8, 2016",,
OK05,"Russell, Steve",R000604,Russell,Steve,,"RUSSELL,STEVE",,Mr.,114,Steve Russell,Mr. Russell,R,R,Oklahoma,OK,5th,Oklahoma City,CHOB,128,20515,3605,(202) 225-2132,20161108,"November  8, 2016",,
OR01,"Bonamici, Suzanne",B001278,Bonamici,Suzanne,,"BONAMICI,SUZANNE",,Ms.,114,Suzanne Bonamici,Ms. Bonamici,D,D,Oregon,OR,1st,Washington County,CHOB,439,20515,3701,(202) 225-0855,20161108,"November  8, 2016",,
OR02,"Walden, Greg",W000791,Walden,Greg,,"WALDEN,GREG",,Mr.,114,Greg Walden,Mr. Walden,R,R,Oregon,OR,2nd,Hood River,RHOB,2185,20515,3702,(202) 225-6730,20161108,"November  8, 2016",,
OR03,"Blumenauer, Earl",B000574,Blumenauer,Earl,,"BLUMENAUER,EARL",,Mr.,114,Earl Blumenauer,Mr. Blumenauer,D,D,Oregon,OR,3rd,Portland,LHOB,1111,20515,3703,(202) 225-4811,20161108,"November  8, 2016",,
OR04,"DeFazio, Peter",D000191,DeFazio,Peter,A.,"DEFAZIO,PETER",,Mr.,114,Peter A. DeFazio,Mr. DeFazio,D,D,Oregon,OR,4th,Springfield,RHOB,2134,20515,3704,(202) 225-6416,20161108,"November  8, 2016",,
OR05,"Schrader, Kurt",S001180,Schrader,Kurt,,"SCHRADER,KURT",,Mr.,114,Kurt Schrader,Mr. Schrader,D,D,Oregon,OR,5th,Canby,RHOB,2431,20515,3705,(202) 225-5711,20161108,"November  8, 2016",,
PA01,"Brady, Robert",B001227,Brady,Robert,A.,"BRADY,ROBERT",,Mr.,114,Robert A. Brady,Mr. Brady of Pennsylvania,D,D,Pennsylvania,PA,1st,Philadelphia,RHOB,2004,20515,3801,(202) 225-4731,20161108,"November  8, 2016",,
PA02,"Evans, Dwight",E000296,Evans,Dwight,,"EVANS,DWIGHT",,Mr.,114,Dwight Evans,Mr. Evans,D,D,Pennsylvania,PA,2nd,Philadelphia,LHOB,1105,20515,3802,(202) 225-4001,20161108,"November  8, 2016",,
PA03,"Kelly, Mike",K000376,Kelly,Mike,,"KELLY,MIKE",,Mr.,114,Mike Kelly,Mr. Kelly of Pennsylvania,R,R,Pennsylvania,PA,3rd,Butler,LHOB,1707,20515,3803,(202) 225-5406,20161108,"November  8, 2016",,
PA04,"Perry, Scott",P000605,Perry,Scott,,"PERRY,SCOTT",,Mr.,114,Scott Perry,Mr. Perry,R,R,Pennsylvania,PA,4th,Dillsburg,LHOB,1207,20515,3804,(202) 225-5836,20161108,"November  8, 2016",,
PA05,"Thompson, Glenn",T000467,Thompson,Glenn,,"THOMPSON,GLENN",,Mr.,114,Glenn Thompson,Mr. Thompson of Pennsylvania,R,R,Pennsylvania,PA,5th,Howard,CHOB,124,20515,3805,(202) 225-5121,20161108,"November  8, 2016",,
PA06,"Costello, Ryan",C001106,Costello,Ryan,A.,"COSTELLO,RYAN",,Mr.,114,Ryan A. Costello,Mr. Costello of Pennsylvania,R,R,Pennsylvania,PA,6th,West Chester,CHOB,326,20515,3806,(202) 225-4315,20161108,"November  8, 2016",,
PA07,"Meehan, Patrick",M001181,Meehan,Patrick,,"MEEHAN,PATRICK",,Mr.,114,Patrick Meehan,Mr. Meehan,R,R,Pennsylvania,PA,7th,Chadds Ford,RHOB,2305,20515,3807,(202) 225-2011,20161108,"November  8, 2016",,
PA08,"Fitzpatrick, Brian",F000466,Fitzpatrick,Brian,K.,"FITZPATRICK,BRIAN",,Mr.,0,Brian K. Fitzpatrick,Mr. Fitzpatrick,R,R,Pennsylvania,PA,8th,Levittown,CHOB,514,20515,3808,(202) 225-4276,20161108,"November  8, 2016",,
PA09,"Shuster, Bill",S001154,Shuster,Bill,,"SHUSTER,BILL",,Mr.,114,Bill Shuster,Mr. Shuster,R,R,Pennsylvania,PA,9th,Hollidaysburg,RHOB,2079,20515,3809,(202) 225-2431,20161108,"November  8, 2016",,
PA10,"Marino, Tom",M001179,Marino,Tom,,"MARINO,TOM",,Mr.,114,Tom Marino,Mr. Marino,R,R,Pennsylvania,PA,10th,Williamsport,RHOB,2242,20515,3810,(202) 225-3731,20161108,"November  8, 2016",,
PA11,"Barletta, Lou",B001269,Barletta,Lou,,"BARLETTA,LOU",,Mr.,114,Lou Barletta,Mr. Barletta,R,R,Pennsylvania,PA,11th,Hazleton,RHOB,2049,20515,3811,(202) 225-6511,20161108,"November  8, 2016",,
PA12,"Rothfus, Keith",R000598,Rothfus,Keith,J.,"ROTHFUS,KEITH",,Mr.,114,Keith J. Rothfus,Mr. Rothfus,R,R,Pennsylvania,PA,12th,Sewickley,LHOB,1205,20515,3812,(202) 225-2065,20161108,"November  8, 2016",,
PA13,"Boyle, Brendan",B001296,Boyle,Brendan,F.,"BOYLE,BRENDAN",,Mr.,114,Brendan F. Boyle,Mr. Brendan F. Boyle of Pennsylvania,D,D,Pennsylvania,PA,13th,Philadelphia,LHOB,1133,20515,3813,(202) 225-6111,20161108,"November  8, 2016",,
PA14,"Doyle, Michael",D000482,Doyle,Michael,F.,"DOYLE,MICHAEL",,Mr.,114,Michael F. Doyle,Mr. Michael F. Doyle of Pennsylvania,D,D,Pennsylvania,PA,14th,Pittsburgh,CHOB,239,20515,3814,(202) 225-2135,20161108,"November  8, 2016",,
PA15,"Dent, Charles",D000604,Dent,Charles,W.,"DENT,CHARLES",,Mr.,114,Charles W. Dent,Mr. Dent,R,R,Pennsylvania,PA,15th,Allentown,RHOB,2082,20515,3815,(202) 225-6411,20161108,"November  8, 2016",,
PA16,"Smucker, Lloyd",S001199,Smucker,Lloyd,,"SMUCKER,LLOYD",,Mr.,0,Lloyd Smucker,Mr. Smucker,R,R,Pennsylvania,PA,16th,Lancaster,CHOB,516,20515,3816,(202) 225-2411,20161108,"November  8, 2016",,
PA17,"Cartwright, Matt",C001090,Cartwright,Matt,,"CARTWRIGHT,MATT",,Mr.,114,Matt Cartwright,Mr. Cartwright,D,D,Pennsylvania,PA,17th,Moosic,LHOB,1034,20515,3817,(202) 225-5546,20161108,"November  8, 2016",,
PA18,"Murphy, Tim",M001151,Murphy,Tim,,"MURPHY,TIM",,Mr.,114,Tim Murphy,Mr. Murphy of Pennsylvania,R,R,Pennsylvania,PA,18th,Pittsburgh,RHOB,2332,20515,3818,(202) 225-2301,20161108,"November  8, 2016",,
PR00,"González-Colón, Jenniffer",G000582,González-Colón,Jenniffer,,"GONZALEZCOLON,JENNIFFER",,Miss,0,Jenniffer González-Colón,Miss González-Colón of Puerto Rico,R,R,Puerto Rico,PR,Resident Commissioner,San Juan,LHOB,1529,20515,5401,(202) 225-2615,20161108,"November  8, 2016",,
RI01,"Cicilline, David",C001084,Cicilline,David,N.,"CICILLINE,DAVID",,Mr.,114,David N. Cicilline,Mr. Cicilline,D,D,Rhode Island,RI,1st,Providence,RHOB,2244,20515,3901,(202) 225-4911,20161108,"November  8, 2016",,
RI02,"Langevin, James",L000559,Langevin,James,R.,"LANGEVIN,JAMES",,Mr.,114,James R. Langevin,Mr. Langevin,D,D,Rhode Island,RI,2nd,Warwick,RHOB,2077,20515,3902,(202) 225-2735,20161108,"November  8, 2016",,
SC01,"Sanford, Mark",S000051,Sanford,Mark,,"SANFORD,MARK",,Mr.,114,Mark Sanford,Mr. Sanford,R,R,South Carolina,SC,1st,Charleston,RHOB,2211,20515,4001,(202) 225-3176,20161108,"November  8, 2016",,
SC02,"Wilson, Joe",W000795,Wilson,Joe,,"WILSON,JOE",,Mr.,114,Joe Wilson,Mr. Wilson of South Carolina,R,R,South Carolina,SC,2nd,Springdale,LHOB,1436,20515,4002,(202) 225-2452,20161108,"November  8, 2016",,
SC03,"Duncan, Jeff",D000615,Duncan,Jeff,,"DUNCAN,JEFF",,Mr.,114,Jeff Duncan,Mr. Duncan of South Carolina,R,R,South Carolina,SC,3rd,Laurens,RHOB,2229,20515,4003,(202) 225-5301,20161108,"November  8, 2016",,
SC04,"Gowdy, Trey",G000566,Gowdy,Trey,,"GOWDY,TREY",,Mr.,114,Trey Gowdy,Mr. Gowdy,R,R,South Carolina,SC,4th,Spartanburg,RHOB,2418,20515,4004,(202) 225-6030,20161108,"November  8, 2016",,
SC05,"Mulvaney, Mick",M001182,Mulvaney,Mick,,"MULVANEY,MICK",,Mr.,114,Mick Mulvaney,Mr. Mulvaney,R,R,South Carolina,SC,5th,Lancaster,RHOB,2350,20515,4005,(202) 225-5501,20161108,"November  8, 2016",,
SC06,"Clyburn, James",C000537,Clyburn,James,E.,"CLYBURN,JAMES",,Mr.,114,James E. Clyburn,Mr. Clyburn,D,D,South Carolina,SC,6th,Columbia,CHOB,242,20515,4006,(202) 225-3315,20161108,"November  8, 2016",,
SC07,"Rice, Tom",R000597,Rice,Tom,,"RICE,TOM",,Mr.,114,Tom Rice,Mr. Rice of South Carolina,R,R,South Carolina,SC,7th,Myrtle Beach,CHOB,223,20515,4007,(202) 225-9895,20161108,"November  8, 2016",,
SD00,"Noem, Kristi",N000184,Noem,Kristi,L.,"NOEM,KRISTI",,Mrs.,114,Kristi L. Noem,Mrs. Noem,R,R,South Dakota,SD,At Large,Castlewood,RHOB,2457,20515,4100,(202) 225-2801,20161108,"November  8, 2016",,
TN01,"Roe, David",R000582,Roe,David,P.,"ROE,DAVID",,Mr.,114,David P. Roe,Mr. Roe of Tennessee,R,R,Tennessee,TN,1st,Johnson City,CHOB,336,20515,4201,(202) 225-6356,20161108,"November  8, 2016",,
TN02,"Duncan, John",D000533,Duncan,John,J.,"DUNCAN,JOHN",Jr.,Mr.,114,"John J. Duncan, Jr.",Mr. Duncan of Tennessee,R,R,Tennessee,TN,2nd,Knoxville,RHOB,2207,20515,4202,(202) 225-5435,20161108,"November  8, 2016",,
TN03,"Fleischmann, Charles",F000459,Fleischmann,Charles,"J. ""Chuck""","FLEISCHMANN,CHARLES",,Mr.,114,"Charles J. ""Chuck"" Fleischmann",Mr. Fleischmann,R,R,Tennessee,TN,3rd,Chattanooga,RHOB,2410,20515,4203,(202) 225-3271,20161108,"November  8, 2016",,
TN04,"DesJarlais, Scott",D000616,DesJarlais,Scott,,"DESJARLAIS,SCOTT",,Mr.,114,Scott DesJarlais,Mr. DesJarlais,R,R,Tennessee,TN,4th,South Pittsburg,RHOB,2301,20515,4204,(202) 225-6831,20161108,"November  8, 2016",,
TN05,"Cooper, Jim",C000754,Cooper,Jim,,"COOPER,JIM",,Mr.,114,Jim Cooper,Mr. Cooper,D,D,Tennessee,TN,5th,Nashville,LHOB,1536,20515,4205,(202) 225-4311,20161108,"November  8, 2016",,
TN06,"Black, Diane",B001273,Black,Diane,,"BLACK,DIANE",,Mrs.,114,Diane Black,Mrs. Black,R,R,Tennessee,TN,6th,Gallatin,LHOB,1131,20515,4206,(202) 225-4231,20161108,"November  8, 2016",,
TN07,"Blackburn, Marsha",B001243,Blackburn,Marsha,,"BLACKBURN,MARSHA",,Mrs.,114,Marsha Blackburn,Mrs. Blackburn,R,R,Tennessee,TN,7th,Brentwood,RHOB,2266,20515,4207,(202) 225-2811,20161108,"November  8, 2016",,
TN08,"Kustoff, David",K000392,Kustoff,David,,"KUSTOFF,DAVID",,Mr.,0,David Kustoff,Mr. Kustoff of Tennessee,R,R,Tennessee,TN,8th,Germantown,CHOB,508,20515,4208,(202) 225-4714,20161108,"November  8, 2016",,
TN09,"Cohen, Steve",C001068,Cohen,Steve,,"COHEN,STEVE",,Mr.,114,Steve Cohen,Mr. Cohen,D,D,Tennessee,TN,9th,Memphis,RHOB,2404,20515,4209,(202) 225-3265,20161108,"November  8, 2016",,
TX01,"Gohmert, Louie",G000552,Gohmert,Louie,,"GOHMERT,LOUIE",,Mr.,114,Louie Gohmert,Mr. Gohmert,R,R,Texas,TX,1st,Tyler,RHOB,2243,20515,4301,(202) 225-3035,20161108,"November  8, 2016",,
TX02,"Poe, Ted",P000592,Poe,Ted,,"POE,TED",,Mr.,114,Ted Poe,Mr. Poe of Texas,R,R,Texas,TX,2nd,Atascocita,RHOB,2132,20515,4302,(202) 225-6565,20161108,"November  8, 2016",,
TX03,"Johnson, Sam",J000174,Johnson,Sam,,"JOHNSON,SAM",,Mr.,114,Sam Johnson,Mr. Sam Johnson of Texas,R,R,Texas,TX,3rd,Plano,RHOB,2304,20515,4303,(202) 225-4201,20161108,"November  8, 2016",,
TX04,"Ratcliffe, John",R000601,Ratcliffe,John,,"RATCLIFFE,JOHN",,Mr.,114,John Ratcliffe,Mr. Ratcliffe,R,R,Texas,TX,4th,Heath,CHOB,325,20515,4304,(202) 225-6673,20161108,"November  8, 2016",,
TX05,"Hensarling, Jeb",H001036,Hensarling,Jeb,,"HENSARLING,JEB",,Mr.,114,Jeb Hensarling,Mr. Hensarling,R,R,Texas,TX,5th,Dallas,RHOB,2228,20515,4305,(202) 225-3484,20161108,"November  8, 2016",,
TX06,"Barton, Joe",B000213,Barton,Joe,,"BARTON,JOE",,Mr.,114,Joe Barton,Mr. Barton,R,R,Texas,TX,6th,Ennis,RHOB,2107,20515,4306,(202) 225-2002,20161108,"November  8, 2016",,
TX07,"Culberson, John",C001048,Culberson,John,Abney,"CULBERSON,JOHN",,Mr.,114,John Abney Culberson,Mr. Culberson,R,R,Texas,TX,7th,Houston,RHOB,2161,20515,4307,(202) 225-2571,20161108,"November  8, 2016",,
TX08,"Brady, Kevin",B000755,Brady,Kevin,,"BRADY,KEVIN",,Mr.,114,Kevin Brady,Mr. Brady of Texas,R,R,Texas,TX,8th,The Woodlands,LHOB,1011,20515,4308,(202) 225-4901,20161108,"November  8, 2016",,
TX09,"Green, Al",G000553,Green,Al,,"GREEN,AL",,Mr.,114,Al Green,Mr. Al Green of Texas,D,D,Texas,TX,9th,Houston,RHOB,2347,20515,4309,(202) 225-7508,20161108,"November  8, 2016",,
TX10,"McCaul, Michael",M001157,McCaul,Michael,T.,"MCCAUL,MICHAEL",,Mr.,114,Michael T. McCaul,Mr. McCaul,R,R,Texas,TX,10th,Austin,RHOB,2001,20515,4310,(202) 225-2401,20161108,"November  8, 2016",,
TX11,"Conaway, K.",C001062,Conaway,K.,Michael,"CONAWAY,K.",,Mr.,114,K. Michael Conaway,Mr. Conaway,R,R,Texas,TX,11th,Midland,RHOB,2430,20515,4311,(202) 225-3605,20161108,"November  8, 2016",,
TX12,"Granger, Kay",G000377,Granger,Kay,,"GRANGER,KAY",,Ms.,114,Kay Granger,Ms. Granger,R,R,Texas,TX,12th,Fort Worth,LHOB,1026,20515,4312,(202) 225-5071,20161108,"November  8, 2016",,
TX13,"Thornberry, Mac",T000238,Thornberry,Mac,,"THORNBERRY,MAC",,Mr.,114,Mac Thornberry,Mr. Thornberry,R,R,Texas,TX,13th,Clarendon,RHOB,2208,20515,4313,(202) 225-3706,20161108,"November  8, 2016",,
TX14,"Weber, Randy",W000814,Weber,Randy,K.,"WEBER,RANDY",Sr.,Mr.,114,"Randy K. Weber, Sr.",Mr. Weber of Texas,R,R,Texas,TX,14th,Friendswood,LHOB,1708,20515,4314,(202) 225-2831,20161108,"November  8, 2016",,
TX15,"Gonzalez, Vicente",G000581,Gonzalez,Vicente,,"GONZALEZ,VICENTE",,Mr.,0,Vicente Gonzalez,Mr. Gonzalez of Texas,D,D,Texas,TX,15th,McAllen,CHOB,113,20515,4315,(202) 225-2531,20161108,"November  8, 2016",,
TX16,"O'Rourke, Beto",O000170,O'Rourke,Beto,,"OROURKE,BETO",,Mr.,114,Beto O'Rourke,Mr. O'Rourke,D,D,Texas,TX,16th,El Paso,LHOB,1330,20515,4316,(202) 225-4831,20161108,"November  8, 2016",,
TX17,"Flores, Bill",F000461,Flores,Bill,,"FLORES,BILL",,Mr.,114,Bill Flores,Mr. Flores,R,R,Texas,TX,17th,Bryan,RHOB,2440,20515,4317,(202) 225-6105,20161108,"November  8, 2016",,
TX18,"Jackson Lee, Sheila",J000032,Jackson Lee,Sheila,,"JACKSONLEE,SHEILA",,Ms.,114,Sheila Jackson Lee,Ms. Jackson Lee,D,D,Texas,TX,18th,Houston,RHOB,2187,20515,4318,(202) 225-3816,20161108,"November  8, 2016",,
TX19,"Arrington, Jodey",A000375,Arrington,Jodey,C.,"ARRINGTON,JODEY",,Mr.,0,Jodey C. Arrington,Mr. Arrington,R,R,Texas,TX,19th,Lubbock,LHOB,1029,20515,4319,(202) 225-4005,20161108,"November  8, 2016",,
TX20,"Castro, Joaquin",C001091,Castro,Joaquin,,"CASTRO,JOAQUIN",,Mr.,114,Joaquin Castro,Mr. Castro of Texas,D,D,Texas,TX,20th,San Antonio,LHOB,1221,20515,4320,(202) 225-3236,20161108,"November  8, 2016",,
TX21,"Smith, Lamar",S000583,Smith,Lamar,,"SMITH,LAMAR",,Mr.,114,Lamar Smith,Mr. Smith of Texas,R,R,Texas,TX,21st,San Antonio,RHOB,2409,20515,4321,(202) 225-4236,20161108,"November  8, 2016",,
TX22,"Olson, Pete",O000168,Olson,Pete,,"OLSON,PETE",,Mr.,114,Pete Olson,Mr. Olson,R,R,Texas,TX,22nd,Sugar Land,RHOB,2133,20515,4322,(202) 225-5951,20161108,"November  8, 2016",,
TX23,"Hurd, Will",H001073,Hurd,Will,,"HURD,WILL",,Mr.,114,Will Hurd,Mr. Hurd,R,R,Texas,TX,23rd,San Antonio,CHOB,317,20515,4323,(202) 225-4511,20161108,"November  8, 2016",,
TX24,"Marchant, Kenny",M001158,Marchant,Kenny,,"MARCHANT,KENNY",,Mr.,114,Kenny Marchant,Mr. Marchant,R,R,Texas,TX,24th,Coppell,RHOB,2369,20515,4324,(202) 225-6605,20161108,"November  8, 2016",,
TX25,"Williams, Roger",W000816,Williams,Roger,,"WILLIAMS,ROGER",,Mr.,114,Roger Williams,Mr. Williams,R,R,Texas,TX,25th,Austin,LHOB,1323,20515,4325,(202) 225-9896,20161108,"November  8, 2016",,
TX26,"Burgess, Michael",B001248,Burgess,Michael,C.,"BURGESS,MICHAEL",,Mr.,114,Michael C. Burgess,Mr. Burgess,R,R,Texas,TX,26th,Pilot Point,RHOB,2336,20515,4326,(202) 225-7772,20161108,"November  8, 2016",,
TX27,"Farenthold, Blake",F000460,Farenthold,Blake,,"FARENTHOLD,BLAKE",,Mr.,114,Blake Farenthold,Mr. Farenthold,R,R,Texas,TX,27th,Corpus Christi,RHOB,2331,20515,4327,(202) 225-7742,20161108,"November  8, 2016",,
TX28,"Cuellar, Henry",C001063,Cuellar,Henry,,"CUELLAR,HENRY",,Mr.,114,Henry Cuellar,Mr. Cuellar,D,D,Texas,TX,28th,Laredo,RHOB,2209,20515,4328,(202) 225-1640,20161108,"November  8, 2016",,
TX29,"Green, Gene",G000410,Green,Gene,,"GREEN,GENE",,Mr.,114,Gene Green,Mr. Gene Green of Texas,D,D,Texas,TX,29th,Houston,RHOB,2470,20515,4329,(202) 225-1688,20161108,"November  8, 2016",,
TX30,"Johnson, Eddie",J000126,Johnson,Eddie,Bernice,"JOHNSON,EDDIE",,Ms.,114,Eddie Bernice Johnson,Ms. Eddie Bernice Johnson of Texas,D,D,Texas,TX,30th,Dallas,RHOB,2468,20515,4330,(202) 225-8885,20161108,"November  8, 2016",,
TX31,"Carter, John",C001051,Carter,John,R.,"CARTER,JOHN",,Mr.,114,John R. Carter,Mr. Carter of Texas,R,R,Texas,TX,31st,Round Rock,RHOB,2110,20515,4331,(202) 225-3864,20161108,"November  8, 2016",,
TX32,"Sessions, Pete",S000250,Sessions,Pete,,"SESSIONS,PETE",,Mr.,114,Pete Sessions,Mr. Sessions,R,R,Texas,TX,32nd,Dallas,RHOB,2233,20515,4332,(202) 225-2231,20161108,"November  8, 2016",,
TX33,"Veasey, Marc",V000131,Veasey,Marc,A.,"VEASEY,MARC",,Mr.,114,Marc A. Veasey,Mr. Veasey,D,D,Texas,TX,33rd,Fort Worth,LHOB,1519,20515,4333,(202) 225-9897,20161108,"November  8, 2016",,
TX34,"Vela, Filemon",V000132,Vela,Filemon,,"VELA,FILEMON",,Mr.,114,Filemon Vela,Mr. Vela,D,D,Texas,TX,34th,Brownsville,CHOB,437,20515,4334,(202) 225-9901,20161108,"November  8, 2016",,
TX35,"Doggett, Lloyd",D000399,Doggett,Lloyd,,"DOGGETT,LLOYD",,Mr.,114,Lloyd Doggett,Mr. Doggett,D,D,Texas,TX,35th,Austin,RHOB,2307,20515,4335,(202) 225-4865,20161108,"November  8, 2016",,
TX36,"Babin, Brian",B001291,Babin,Brian,,"BABIN,BRIAN",,Mr.,114,Brian Babin,Mr. Babin,R,R,Texas,TX,36th,Woodville,CHOB,316,20515,4336,(202) 225-1555,20161108,"November  8, 2016",,
UT01,"Bishop, Rob",B001250,Bishop,Rob,,"BISHOP,ROB",,Mr.,114,Rob Bishop,Mr. Bishop of Utah,R,R,Utah,UT,1st,Brigham City,CHOB,123,20515,4401,(202) 225-0453,20161108,"November  8, 2016",,
UT02,"Stewart, Chris",S001192,Stewart,Chris,,"STEWART,CHRIS",,Mr.,114,Chris Stewart,Mr. Stewart,R,R,Utah,UT,2nd,Farmington,CHOB,323,20515,4402,(202) 225-9730,20161108,"November  8, 2016",,
UT03,"Chaffetz, Jason",C001076,Chaffetz,Jason,,"CHAFFETZ,JASON",,Mr.,114,Jason Chaffetz,Mr. Chaffetz,R,R,Utah,UT,3rd,Alpine,RHOB,2236,20515,4403,(202) 225-7751,20161108,"November  8, 2016",,
UT04,"Love, Mia",L000584,Love,Mia,B.,"LOVE,MIA",,Mrs.,114,Mia B. Love,Mrs. Love,R,R,Utah,UT,4th,Saratoga Springs,CHOB,217,20515,4404,(202) 225-3011,20161108,"November  8, 2016",,
VA01,"Wittman, Robert",W000804,Wittman,Robert,J.,"WITTMAN,ROBERT",,Mr.,114,Robert J. Wittman,Mr. Wittman,R,R,Virginia,VA,1st,Montross,RHOB,2055,20515,4601,(202) 225-4261,20161108,"November  8, 2016",,
VA02,"Taylor, Scott",T000477,Taylor,Scott,,"TAYLOR,SCOTT",,Mr.,0,Scott Taylor,Mr. Taylor,R,R,Virginia,VA,2nd,Virginia Beach,CHOB,412,20515,4602,(202) 225-4215,20161108,"November  8, 2016",,
VA03,"Scott, Robert",S000185,Scott,Robert,"C. ""Bobby""","SCOTT,ROBERT",,Mr.,114,"Robert C. ""Bobby"" Scott",Mr. Scott of Virginia,D,D,Virginia,VA,3rd,Newport News,LHOB,1201,20515,4603,(202) 225-8351,20161108,"November  8, 2016",,
VA04,"McEachin, A.",M001200,McEachin,A.,Donald,"MCEACHIN,A.",,Mr.,0,A. Donald McEachin,Mr. McEachin,D,D,Virginia,VA,4th,Henrico,CHOB,314,20515,4604,(202) 225-6365,20161108,"November  8, 2016",,
VA05,"Garrett, Thomas",G000580,Garrett,Thomas,A.,"GARRETT,THOMAS",Jr.,Mr.,0,"Thomas A. Garrett, Jr.",Mr. Garrett,R,R,Virginia,VA,5th,Scottsville,CHOB,415,20515,4605,(202) 225-4711,20161108,"November  8, 2016",,
VA06,"Goodlatte, Bob",G000289,Goodlatte,Bob,,"GOODLATTE,BOB",,Mr.,114,Bob Goodlatte,Mr. Goodlatte,R,R,Virginia,VA,6th,Roanoke,RHOB,2309,20515,4606,(202) 225-5431,20161108,"November  8, 2016",,
VA07,"Brat, Dave",B001290,Brat,Dave,,"BRAT,DAVE",,Mr.,114,Dave Brat,Mr. Brat,R,R,Virginia,VA,7th,Glen Allen,LHOB,1628,20515,4607,(202) 225-2815,20161108,"November  8, 2016",,
VA08,"Beyer, Donald",B001292,Beyer,Donald,S.,"BEYER,DONALD",Jr.,Mr.,114,"Donald S. Beyer, Jr.",Mr. Beyer,D,D,Virginia,VA,8th,Alexandria,LHOB,1119,20515,4608,(202) 225-4376,20161108,"November  8, 2016",,
VA09,"Griffith, H.",G000568,Griffith,H.,Morgan,"GRIFFITH,H.",,Mr.,114,H. Morgan Griffith,Mr. Griffith,R,R,Virginia,VA,9th,Salem,RHOB,2202,20515,4609,(202) 225-3861,20161108,"November  8, 2016",,
VA10,"Comstock, Barbara",C001105,Comstock,Barbara,,"COMSTOCK,BARBARA",,Mrs.,114,Barbara Comstock,Mrs. Comstock,R,R,Virginia,VA,10th,McLean,CHOB,229,20515,4610,(202) 225-5136,20161108,"November  8, 2016",,
VA11,"Connolly, Gerald",C001078,Connolly,Gerald,E.,"CONNOLLY,GERALD",,Mr.,114,Gerald E. Connolly,Mr. Connolly,D,D,Virginia,VA,11th,Fairfax,RHOB,2238,20515,4611,(202) 225-1492,20161108,"November  8, 2016",,
VI00,"Plaskett, Stacey",P000610,Plaskett,Stacey,E.,"PLASKETT,STACEY",,Ms.,114,Stacey E. Plaskett,Ms. Plaskett,D,D,Virgin Islands,VI,Delegate,St. Croix,CHOB,331,20515,5500,(202) 225-1790,20161108,"November  8, 2016",,
VT00,"Welch, Peter",W000800,Welch,Peter,,"WELCH,PETER",,Mr.,114,Peter Welch,Mr. Welch,D,D,Vermont,VT,At Large,Norwich,RHOB,2303,20515,4500,(202) 225-4115,20161108,"November  8, 2016",,
WA01,"DelBene, Suzan",D000617,DelBene,Suzan,K.,"DELBENE,SUZAN",,Ms.,114,Suzan K. DelBene,Ms. DelBene,D,D,Washington,WA,1st,Medina,RHOB,2442,20515,4701,(202) 225-6311,20161108,"November  8, 2016",,
WA02,"Larsen, Rick",L000560,Larsen,Rick,,"LARSEN,RICK",,Mr.,114,Rick Larsen,Mr. Larsen of Washington,D,D,Washington,WA,2nd,Everett,RHOB,2113,20515,4702,(202) 225-2605,20161108,"November  8, 2016",,
WA03,"Beutler, Jaime",H001056,Beutler,Jaime,Herrera,"BEUTLER,JAIME",,Ms.,114,Jaime Herrera Beutler,Ms. Beutler,R,R,Washington,WA,3rd,Battle Ground,LHOB,1107,20515,4703,(202) 225-3536,20161108,"November  8, 2016",,
WA04,"Newhouse, Dan",N000189,Newhouse,Dan,,"NEWHOUSE,DAN",,Mr.,114,Dan Newhouse,Mr. Newhouse,R,R,Washington,WA,4th,Sunnyside,LHOB,1318,20515,4704,(202) 225-5816,20161108,"November  8, 2016",,
WA05,"McMorris Rodgers, Cathy",M001159,McMorris Rodgers,Cathy,,"MCMORRISRODGERS,CATHY",,Mrs.,114,Cathy McMorris Rodgers,Mrs. McMorris Rodgers,R,R,Washington,WA,5th,Spokane,LHOB,1314,20515,4705,(202) 225-2006,20161108,"November  8, 2016",,
WA06,"Kilmer, Derek",K000381,Kilmer,Derek,,"KILMER,DEREK",,Mr.,114,Derek Kilmer,Mr. Kilmer,D,D,Washington,WA,6th,Gig Harbor,LHOB,1520,20515,4706,(202) 225-5916,20161108,"November  8, 2016",,
WA07,"Jayapal, Pramila",J000298,Jayapal,Pramila,,"JAYAPAL,PRAMILA",,Ms.,0,Pramila Jayapal,Ms. Jayapal,D,D,Washington,WA,7th,Seattle,CHOB,319,20515,4707,(202) 225-3106,20161108,"November  8, 2016",,
WA08,"Reichert, David",R000578,Reichert,David,G.,"REICHERT,DAVID",,Mr.,114,David G. Reichert,Mr. Reichert,R,R,Washington,WA,8th,Auburn,LHOB,1127,20515,4708,(202) 225-7761,20161108,"November  8, 2016",,
WA09,"Smith, Adam",S000510,Smith,Adam,,"SMITH,ADAM",,Mr.,114,Adam Smith,Mr. Smith of Washington,D,D,Washington,WA,9th,Bellevue,RHOB,2264,20515,4709,(202) 225-8901,20161108,"November  8, 2016",,
WA10,"Heck, Denny",H001064,Heck,Denny,,"HECK,DENNY",,Mr.,114,Denny Heck,Mr. Heck,D,D,Washington,WA,10th,Olympia,CHOB,425,20515,4710,(202) 225-9740,20161108,"November  8, 2016",,
WI01,"Ryan, Paul",R000570,Ryan,Paul,D.,"RYAN,PAUL",,Mr.,114,Paul D. Ryan,Mr. Ryan of Wisconsin,R,R,Wisconsin,WI,1st,Janesville,LHOB,1233,20515,4901,(202) 225-3031,20161108,"November  8, 2016",,
WI02,"Pocan, Mark",P000607,Pocan,Mark,,"POCAN,MARK",,Mr.,114,Mark Pocan,Mr. Pocan,D,D,Wisconsin,WI,2nd,Madison,LHOB,1421,20515,4902,(202) 225-2906,20161108,"November  8, 2016",,
WI03,"Kind, Ron",K000188,Kind,Ron,,"KIND,RON",,Mr.,114,Ron Kind,Mr. Kind,D,D,Wisconsin,WI,3rd,La Crosse,LHOB,1502,20515,4903,(202) 225-5506,20161108,"November  8, 2016",,
WI04,"Moore, Gwen",M001160,Moore,Gwen,,"MOORE,GWEN",,Ms.,114,Gwen Moore,Ms. Moore,D,D,Wisconsin,WI,4th,Milwaukee,RHOB,2252,20515,4904,(202) 225-4572,20161108,"November  8, 2016",,
WI05,"Sensenbrenner, F.",S000244,Sensenbrenner,F.,James,"SENSENBRENNER,F.",Jr.,Mr.,114,"F. James Sensenbrenner, Jr.",Mr. Sensenbrenner,R,R,Wisconsin,WI,5th,Menomonee Falls,RHOB,2449,20515,4905,(202) 225-5101,20161108,"November  8, 2016",,
WI06,"Grothman, Glenn",G000576,Grothman,Glenn,,"GROTHMAN,GLENN",,Mr.,114,Glenn Grothman,Mr. Grothman,R,R,Wisconsin,WI,6th,Glenbeulah,LHOB,1217,20515,4906,(202) 225-2476,20161108,"November  8, 2016",,
WI07,"Duffy, Sean",D000614,Duffy,Sean,P.,"DUFFY,SEAN",,Mr.,114,Sean P. Duffy,Mr. Duffy,R,R,Wisconsin,WI,7th,Wausau,RHOB,2330,20515,4907,(202) 225-3365,20161108,"November  8, 2016",,
WI08,"Gallagher, Mike",G000579,Gallagher,Mike,,"GALLAGHER,MIKE",,Mr.,0,Mike Gallagher,Mr. Gallagher,R,R,Wisconsin,WI,8th,Green Bay,LHOB,1007,20515,4908,(202) 225-5665,20161108,"November  8, 2016",,
WV01,"McKinley, David",M001180,McKinley,David,B.,"MCKINLEY,DAVID",,Mr.,114,David B. McKinley,Mr. McKinley,R,R,West Virginia,WV,1st,Wheeling,RHOB,2239,20515,4801,(202) 225-4172,20161108,"November  8, 2016",,
WV02,"Mooney, Alexander",M001195,Mooney,Alexander,X.,"MOONEY,ALEXANDER",,Mr.,114,Alexander X. Mooney,Mr. Mooney of West Virginia,R,R,West Virginia,WV,2nd,Charles Town,LHOB,1232,20515,4802,(202) 225-2711,20161108,"November  8, 2016",,
WV03,"Jenkins, Evan",J000297,Jenkins,Evan,H.,"JENKINS,EVAN",,Mr.,114,Evan H. Jenkins,Mr. Jenkins of West Virginia,R,R,West Virginia,WV,3rd,Huntington,LHOB,1609,20515,4803,(202) 225-3452,20161108,"November  8, 2016",,
WY00,"Cheney, Liz",C001109,Cheney,Liz,,"CHENEY,LIZ",,Ms.,0,Liz Cheney,Ms. Cheney,R,R,Wyoming,WY,At Large,Wilson,CHOB,416,20515,5000,(202) 225-2311,20161108,"November  8, 2016",,
